Vereinsname,Land,"aktueller Marktwert",Ablösesummen,Differenz,Durchschnittsalter
"Pfalz Weiden",Deutschland,1322095634,365851457,956244177,26.04
"FC Mytilene 1995",Griechenland,1153603513,582115122,571488391,26.39
"Gaz Pskov",Russland,833125064,460996805,372128259,24.91
"CD Málaga",Spanien,1377987074,1026657195,351329879,24.21
"Latium Rom",Italien,988435529,664811930,323623599,25.78
"FS Brøndby",Dänemark,996980947,702463928,294517019,23.48
"Parathanikaos Athen",Griechenland,544010564,251256851,292753713,26.44
"Sportfreunde Spielberg",Deutschland,698558891,410246615,288312276,23.00
"Športový Trenčín",Slowakei,823567132,549659906,273907226,24.78
"SV Rapperswil-Jona",Schweiz,366962209,96470484,270491725,22.92
"Aias Amsterdam FK",Niederlande,649002973,382964915,266038058,24.35
"Victória Estoril",Portugal,422741043,159916819,262824224,27.22
"Breisgauer SV",Deutschland,1178961193,918329957,260631236,24.58
"Inverness City",Schottland,414315227,167838207,246477020,26.91
"VfB Pyrbaum",Deutschland,452019029,210096023,241923006,23.30
"RSV Lingen",Deutschland,277119653,50209202,226910451,25.88
"Holstein Flensburg",Deutschland,592351878,365983487,226368391,25.14
"Germania Paris",Frankreich,1090275996,869142971,221133025,25.44
"DFC Fortuna Berlin",Deutschland,512745893,292371204,220374689,25.29
"AS Jerez",Spanien,611464070,394003315,217460755,23.45
"SC Hasselt-Kermt",Belgien,381364110,175687103,205677007,23.17
"Žaugija Vilnius",Litauen,336858091,131978915,204879176,25.29
"Dynamo Zwickau",Deutschland,661308048,456952603,204355445,25.44
"Ratinger SC 1905",Deutschland,339934105,146985372,192948733,24.67
"Maastrichter FC",Niederlande,416894813,224378453,192516360,24.65
"SSC Oldenburg",Deutschland,373788467,182465431,191323036,23.24
"SAK Akureyri",Island,487689217,301295271,186393946,24.64
"Borussia Bautzen",Deutschland,446225432,260920030,185305402,24.46
"Uskeris Utena",Litauen,364420457,181060334,183360123,26.47
"SSV Napoli",Italien,537148658,354538638,182610020,25.25
"Sportiva Novara",Italien,294658949,112191668,182467281,25.89
"SC Torpedo Dresden",Deutschland,488449449,307060815,181388634,23.84
"Eintracht Bochum",Deutschland,450584159,271822891,178761268,24.13
"Royal Madrid",Spanien,732700173,555142308,177557865,24.00
"FK Raptor Wien",Österreich,365322661,195053176,170269485,26.87
"Duisburg Zebras",Deutschland,741397096,571753480,169643616,24.35
"SW Bocholt",Deutschland,189925690,24006169,165919521,26.35
"SSC Kallithea",Griechenland,628544101,463769854,164774247,24.65
"FFC Malchow",Deutschland,196250009,32239690,164010319,26.19
"Berlin United",Deutschland,509128429,348831054,160297375,23.76
"Red Wings Salzburg",Österreich,512263014,353061191,159201823,23.90
"Liverpool Reds",England,540250761,381906846,158343915,24.35
"Fryslân Heerenveen",Niederlande,570802961,413121541,157681420,23.60
"Borussia Wegberg",Deutschland,241514055,84744646,156769409,26.74
"Leicester Town",England,381419070,228369073,153049997,25.21
"Union Unterhaching",Deutschland,225565910,78688318,146877592,23.28
"Goloboseray FK",Türkei,456684923,311404097,145280826,25.79
"FC Brinkum",Deutschland,295101927,149848885,145253042,25.33
"VfB Chemnitz",Deutschland,424241813,279386051,144855762,24.84
"Hull Tigers",England,537012174,395697720,141314454,25.50
"KF Lamia 1965",Griechenland,230309127,91615183,138693944,27.87
"HSV Rathenow",Deutschland,352384680,216553367,135831313,23.17
"Madeíro Funchal",Portugal,524653092,390350387,134302705,28.63
"Lippstadter FC",Deutschland,242524642,110370725,132153917,24.65
"Københavner FK",Dänemark,492442958,361423681,131019277,25.44
"GdL Leipzig",Deutschland,254550965,124689089,129861876,24.20
"Kriminalno Split",Kroatien,272944712,144654262,128290450,25.34
"Stuttgarter Schützen",Deutschland,209995755,81719180,128276575,23.04
"Manchester Town",England,530244949,402164412,128080537,24.09
"Kesımboşaspar FK",Türkei,176241544,51117135,125124409,21.33
"KB Sarıyer",Türkei,411228697,286242710,124985987,23.57
"Barnet Union",England,537096006,412382040,124713966,25.29
"Chelsea Soccer",England,566748746,444456646,122292100,25.72
"Rotherham County",England,184289318,62321748,121967570,26.04
"1.SSV St. Pauli",Deutschland,290318099,168425948,121892151,24.14
"Eltersdorfer SV",Deutschland,216507143,95047949,121459194,23.74
"Eintracht Osnabrück",Deutschland,271718235,150452958,121265277,20.74
"VC Unión Llevante",Spanien,328478604,207382472,121096132,24.57
"Wunstorfer SV",Deutschland,215943834,96742454,119201380,25.37
"Intra Mailand",Italien,452499995,333585152,118914843,25.13
"FV Schalke 1905",Deutschland,404977120,286326449,118650671,24.16
"FK Gliwice",Polen,176610159,60526448,116083711,22.24
"Olimpios Kerkyra",Griechenland,369355491,254811922,114543569,26.17
"Krayer Kumpels",Deutschland,244683316,132264289,112419027,25.77
"ALS Auxerre",Frankreich,359501138,248107058,111394080,26.55
"RFC Monaco",Frankreich,451729573,340540076,111189497,25.67
"AC Empoli",Italien,321371932,210791722,110580210,25.30
"Norwich Soccer",England,307750287,197605819,110144468,24.55
"FSV Stuttgart",Deutschland,241262455,131704882,109557573,24.12
"TSG Goslar 1923",Deutschland,330990913,221573876,109417037,27.10
"NL Coatbridge Rovers",Schottland,489329022,380390894,108938128,27.17
"Royal Tilburg",Niederlande,386906835,279464827,107442008,25.95
"RCD San Sebastián",Spanien,362404124,255663763,106740361,29.00
"West Bromwich United",England,200786303,95944745,104841558,21.95
"FV Valencia",Spanien,479781311,375273725,104507586,23.24
"Tineret Mioveni",Rumänien,153527299,49726473,103800826,26.09
"SC Dachau",Deutschland,136101673,33843731,102257942,23.56
"Real Majadahonda",Spanien,467689695,365536262,102153433,26.63
"FC Roma",Italien,656422352,555455407,100966945,26.09
"Gaza Mediaș",Rumänien,333267858,235960017,97307841,23.06
"SV Porta Trier",Deutschland,190542577,93734459,96808118,24.28
"Northampton Cobs",England,181442267,86444143,94998124,24.96
"FKPG Saalfelden",Österreich,277789423,183120105,94669318,25.55
"Gunçlorbirleği AK",Türkei,304983224,210486228,94496996,21.58
"Everton Soccer",England,353173548,259277534,93896014,28.05
"London Gunners",England,587141783,496182251,90959532,26.61
"TKF 1915 Šamorín",Slowakei,382608316,292231554,90376762,22.86
"Lappi Rovaniemi",Finnland,200379988,110367709,90012279,26.54
"FV Nürnberg 1907",Deutschland,333259249,243677228,89582021,23.53
"ASC Dakari",Lettland,208000343,119041429,88958914,23.88
"Tottenham Rooster",England,557580446,468843823,88736623,26.50
"Sedan FAC",Frankreich,298059697,210271176,87788521,24.52
"Ballsport Dortmund",Deutschland,184229267,96589933,87639334,20.41
"Mainzer FC",Deutschland,470463252,382988706,87474546,26.33
"Leyton London",England,149378138,63915116,85463022,28.05
"SD Amorebieta",Spanien,552321293,469383646,82937647,27.18
"Cork United",Irland,310305343,229272598,81032745,26.42
"SK Münchener Löwen",Deutschland,222293918,142921292,79372626,26.48
"FV Molde",Norwegen,137346916,58457475,78889441,22.09
"VC St.-Gilloise Vorst",Belgien,111554645,32674559,78880086,26.30
"SV Basel",Schweiz,232210497,153773825,78436672,24.84
"Preston City",England,580237538,502426399,77811139,25.20
"CFC Barcelona",Spanien,393977202,317177364,76799838,25.46
"Virginia Turin",Italien,221332007,145236940,76095067,26.74
"SV Intra Leipzig",Deutschland,140839165,64782771,76056394,25.00
"SSC Vilafranca",Spanien,79043824,4146954,74896870,26.50
"1. FC Neckarelz",Deutschland,93000355,18865850,74134505,25.43
"Hansa Barmbek",Deutschland,247784003,174492225,73291778,23.61
"Wimbledon Soccer",England,287286854,216299748,70987106,25.05
"Rouge Stern Paris",Frankreich,391197842,321300026,69897816,26.36
"SSC Halle",Deutschland,307467173,239187899,68279274,23.32
"Tvøroyri BF",Färöer,249860613,181707883,68152730,23.08
"Brighton Seagulls",England,427083815,359277869,67805946,25.00
"Lukumotiva Moskva",Russland,208946511,142259207,66687304,27.09
"Międzynar Bełchatów",Polen,73306633,6885008,66421625,26.50
"FSV Alm Bielefeld",Deutschland,169357678,103740206,65617472,25.00
"SpVgg M´gladbach",Deutschland,716287736,650672670,65615066,25.08
"Eintracht Hadamar",Deutschland,164602777,99113001,65489776,23.72
"TSG Aschaffenburg 04",Deutschland,173184129,107787241,65396888,22.78
"Kilkee FC",Irland,122602004,57334925,65267079,24.70
"Mantova Calcio",Italien,97745928,32732938,65012990,27.70
"RPF Kaiserslautern",Deutschland,117803271,53093011,64710260,22.27
"HSC Hamburg",Deutschland,310051509,246316107,63735402,25.22
"BFV München",Deutschland,338986368,275422349,63564019,24.72
"Dundalk Soccer",Irland,192244575,130050078,62194497,26.87
"POTE Baryssau",Weißrussland,65314560,3426468,61888092,25.64
"Sportive Épinal",Frankreich,473724178,412171561,61552617,26.43
"FK Pirin Simitli",Bulgarien,69669378,8883511,60785867,24.95
"Borussia Fürth",Deutschland,124720549,64092226,60628323,23.95
"Lok Trnje",Kroatien,67982907,8937560,59045347,26.32
"CV Milan",Italien,868525462,810701343,57824119,24.00
"Sardigna Nuorese",Italien,136132391,78310635,57821756,27.78
"AC Cagliari",Italien,190554943,132879262,57675681,25.92
"Intra Pula 1948",Kroatien,118720787,61285345,57435442,27.41
"FK Fanorbohçe",Türkei,354808061,297462554,57345507,25.82
"RCD Formentera",Spanien,94039837,37003458,57036379,22.55
"SSC Altach",Österreich,317537378,261107903,56429475,25.35
"CDO Dijon",Frankreich,89052724,33525846,55526878,27.27
"Hansa Bremen",Deutschland,585245498,532857112,52388386,24.45
"Central Vigo",Spanien,119025114,66870080,52155034,26.86
"SK Sokolov",Tschechien,60795663,8976020,51819643,25.95
"BSV Auerbach",Deutschland,84872782,33713284,51159498,25.82
"SC Kogge Rostock",Deutschland,168704580,118042968,50661612,26.50
"Spartak Podbrezová",Slowakei,122724424,72306935,50417489,27.48
"SF Trabzon 2007",Türkei,73821180,23808313,50012867,24.68
"HB Edinburgh",Schottland,84158308,34809664,49348644,27.18
"SV Monopoli Calcio",Italien,58754435,9446342,49308093,25.13
"Cyprus Aradippou",Zypern,52226128,3329266,48896862,26.61
"Italia Santarcangelo",Italien,78558633,29959971,48598662,25.73
"Zemlja Bălți",Moldawien,70738644,22231624,48507020,26.74
"SFV Koblenz",Deutschland,419427852,371010556,48417296,27.50
"London`s Park Rangers",England,74563603,26228160,48335443,27.45
"RBS Pforzheim",Deutschland,135828356,87564913,48263443,25.95
"Atletico Bergamo",Italien,173467784,125841289,47626495,28.04
"SAK Helsinki",Finnland,88819009,41397755,47421254,25.48
"Garonne Bordeaux",Frankreich,81005954,33601987,47403967,26.04
"ACF Hamilton",Schottland,55617533,8355760,47261773,26.14
"Manchester Devils",England,554883110,507675034,47208076,26.00
"Atletický Myjava",Slowakei,50475728,3491214,46984514,24.45
"Real Huesca",Spanien,58004392,11652239,46352153,27.35
"AC Alessandria",Italien,57826976,11740253,46086723,26.23
"Esportiu Reus",Spanien,129892834,83832334,46060500,26.65
"FK Great Britain XIV",Gibraltar,55794257,9856528,45937729,26.65
"Unión Madeira",Portugal,56340596,10504843,45835753,27.23
"Radnički SB",Kroatien,51009232,5294015,45715217,27.27
"Atlético Gondomar",Portugal,53945512,8313359,45632153,26.55
"Parisien FK",Frankreich,86502228,41038233,45463995,25.48
"Leipziger SV",Deutschland,62245089,16972215,45272874,26.43
"KV Tra Fiora",San Marino,60629649,15450505,45179144,25.86
"IFK Stømsgudsot",Norwegen,319530550,275548443,43982107,24.71
"CF Croix",Frankreich,95876475,51913475,43963000,28.65
"Union Kehl 1906",Deutschland,62187276,18669264,43518012,24.74
"WFV Ennepetal",Deutschland,58864934,15375311,43489623,25.68
"SFC Rostov",Russland,61177037,17736585,43440452,26.91
"Borussia Wuppertal",Deutschland,102771246,59612817,43158429,25.40
"Union Magdeburg",Deutschland,549744426,506780686,42963740,24.22
"FV Vic Plzeň",Tschechien,270555715,227778456,42777259,24.37
"Macclesfield Roses",England,144347270,101594072,42753198,29.14
"Ipswich Boys",England,130435471,87953061,42482410,26.77
"STG Sannois Foot",Frankreich,53032258,10842724,42189534,25.68
"Birmingham Town",England,148401847,106226748,42175099,26.52
"OS St.-Étienne",Frankreich,51221009,9154332,42066677,27.05
"1. FK Vienna 1895",Österreich,93788875,52089036,41699839,26.64
"Burton United",England,174124432,132695502,41428930,28.05
"BD Hønefoss",Norwegen,88678396,47431705,41246691,27.14
"Atletik Nikosia",Zypern,74863264,33618931,41244333,27.70
"POSK Saloniki",Griechenland,44288501,3715983,40572518,25.36
"VfL Braunschweig",Deutschland,46635810,6135346,40500464,27.30
"Charleroi Zèbre ",Belgien,43861171,3473868,40387303,25.41
"Lohfelder FC",Deutschland,229178316,188923738,40254578,24.22
"Bólt Tórshavn 36",Färöer,63277093,23110946,40166147,26.52
"Pobizhno Poltawa",Ukraine,43591576,3692688,39898888,26.73
"Sachen Markranstädt",Deutschland,72156540,32320258,39836282,25.09
"Torpeda Luzk",Ukraine,63202540,24015448,39187092,27.36
"FK Leverkusen",Deutschland,155556902,116709760,38847142,23.36
"Inizio Gavorrano",Italien,46921316,8453658,38467658,27.36
"Viktoria Sittard",Niederlande,79793847,41447827,38346020,26.64
"BH Oradea",Rumänien,55560832,17348277,38212555,26.57
"HSV Concorde",Deutschland,89087338,51276420,37810918,24.78
"VfB Elversberg",Deutschland,234652296,196923841,37728455,20.35
"Arbroath Soccer",Schottland,47370868,9689538,37681330,26.04
"UD Alcoi",Spanien,48547800,11000907,37546893,25.41
"Vedeaux Luçon",Frankreich,42627093,5240436,37386657,26.32
"HS Klabi 2005",Finnland,43641203,6356616,37284587,27.36
"Victoria Düsseldorf",Deutschland,135802902,99298098,36504804,25.39
"IK Ängelholm",Schweden,54299715,17855867,36443848,27.55
"Depur San Fernando",Spanien,47967166,11735660,36231506,27.45
"AS Ribelle Ravenna",Italien,42848847,6729314,36119533,27.14
"RV Bocholt 22",Belgien,81179463,45274829,35904634,26.41
"Canaria Las Palmas",Spanien,72234631,36954990,35279641,19.65
"Dnipropetrovsk FC",Ukraine,60087051,24832763,35254288,27.00
"RCD Sestao",Spanien,52199029,17051779,35147250,26.41
"FC Peairt 1885",Schottland,64448448,29372958,35075490,27.23
"Sportiva Caserta",Italien,42135035,7148428,34986607,26.50
"Čukarički Belgrad",Serbien,50087597,15184291,34903306,25.61
"POK Livadia",Griechenland,68980429,34178158,34802271,27.04
"Olympia Marseille",Frankreich,140153578,105416855,34736723,27.17
"NFV Meppen",Deutschland,81781360,47053080,34728280,26.05
"Lealta Villaviciosa",Spanien,62518858,27832169,34686689,27.18
"Ciltic Glasgow",Schottland,215062708,180419994,34642714,27.50
"Royal Oviedo",Spanien,43877018,9268866,34608152,26.41
"Union Celje",Slowenien,45575516,11105734,34469782,26.91
"SH Eastleigh",England,39782162,5361666,34420496,26.50
"Tórniko Zabrze",Polen,46306111,12221867,34084244,24.59
"US Mallorca",Spanien,102624973,68833434,33791539,26.42
"Juve Francavilla",Italien,45419746,11847365,33572381,27.36
"Benfica Luxemburg",Luxemburg,39708735,6215681,33493054,26.36
Keçiürspor,Türkei,45103456,11659436,33444020,27.64
"Intra Sozopol",Bulgarien,38981399,5652374,33329025,26.18
"Kobuleti FC",Georgien,63967055,30701066,33265989,28.32
"FK Oulu",Finnland,47601565,14393195,33208370,28.27
"Eteenpäin Valkeakoski",Finnland,46925466,13733418,33192048,27.45
"Vhoru Oleksandrija ",Ukraine,54417797,21327487,33090310,27.36
"FC Geras Basel",Schweiz,47432897,14373029,33059868,27.82
"Kassaly Tschymkent",Kasachstan,36559587,3583583,32976004,26.05
"Stalybridge Workers",England,54260150,21330026,32930124,28.32
"Inter Floriana",Malta,88574916,55690670,32884246,27.91
Misaniaspocht,Türkei,38813573,5996795,32816778,25.64
"KV Aschtarak",Armenien,43203263,10547936,32655327,26.32
"Gharabagh Ağdam",Aserbaidschan,60231602,27949843,32281759,27.41
"Metal Berceni",Rumänien,40906661,8845086,32061575,27.27
"Derry United",Irland,93744634,61852965,31891669,25.86
"Hanka Espoo",Finnland,41878827,10045215,31833612,26.86
"Rakvera JK",Estland,42920440,11381205,31539235,27.09
"KS Korobii Peshpope",Albanien,74606576,43143538,31463038,26.96
"Lincool FC",Gibraltar,57370872,25938846,31432026,27.41
"Linzer AK",Österreich,66120922,34730043,31390879,26.30
"PF Orienta Varna",Bulgarien,94399334,63198251,31201083,25.68
"FK Niepołomice 1919",Polen,46870851,15750233,31120618,26.59
"RCD Sinarcas",Spanien,53714662,22708711,31005951,27.68
"SWK Khabarosvk",Russland,47314024,16396751,30917273,25.43
"VF Groningen",Niederlande,56818409,25902280,30916129,26.82
"KS Leftra Gjirokastër",Albanien,77469852,46560171,30909681,28.14
"Rudar Kerkrade",Niederlande,136735467,105893453,30842014,28.04
"SSV Hoffenheim",Deutschland,149843210,119053083,30790127,23.52
"FK Baden Heiligenkreuz",Österreich,72140605,41436438,30704167,27.52
"GAS Ajaccio",Frankreich,42971017,12384671,30586346,26.36
"Spartak Jablonek",Tschechien,37126745,6641790,30484955,26.82
"KVI Stavanger",Norwegen,75014009,44624921,30389088,25.23
"AT Fostiras",Griechenland,36688485,6392607,30295878,25.59
"Royal Eupen",Belgien,34820506,4541486,30279020,26.09
"Lok Tambov",Russland,51061246,20792255,30268991,26.68
"NL Barendrecht",Niederlande,34785677,4584390,30201287,27.23
"FK Opuzen",Kroatien,36157847,6022298,30135549,28.23
"St. Patrick CF",Schottland,53639159,23559344,30079815,27.09
"FK Sachsen Aue",Deutschland,101616165,71549942,30066223,26.26
"SSC Wörgl",Österreich,35381020,5474709,29906311,25.48
"Aquilos Campobasso",Italien,34045190,4249179,29796011,26.55
"FC Anker Perm",Russland,121278581,91492794,29785787,27.61
İstanbulspocht,Türkei,70523297,40779458,29743839,28.14
"Hellas Agrinio",Griechenland,46697335,17077547,29619788,28.64
Matalyaspur,Türkei,37691794,8087550,29604244,27.09
"GKS Szczecin",Polen,103692491,74089439,29603052,26.96
"Greenock AFK",Schottland,46321608,16719685,29601923,26.43
"FCU Haibach",Deutschland,48909993,19392317,29517676,20.05
"Slagelse SL",Dänemark,125793647,96310195,29483452,27.27
"Draak Hertogenbosch",Niederlande,52948445,23582979,29365466,27.46
"Kleeblatt Oberhausen",Deutschland,63037029,33676523,29360506,27.00
"Segregrcy Suwałki",Polen,52282307,22953464,29328843,26.57
"FK Storm Graz ",Österreich,89300253,60050665,29249588,27.36
"VfL Steinbach",Deutschland,36119571,6941103,29178468,26.14
"SU Leganés",Spanien,33078282,3947312,29130970,27.35
"Nuneaton City 1902",England,38015204,8903629,29111575,26.73
"Petrol Wolfsburg",Deutschland,36818594,7742071,29076523,25.59
"Święto Kielce",Polen,43104408,14062216,29042192,27.82
"TSF Larvik",Norwegen,40410518,11444458,28966060,25.64
"FC Inter Znojmo",Tschechien,197411752,168449553,28962199,25.83
"BFC Freiburg",Deutschland,47397879,18478066,28919813,27.25
"KSK Radomlje",Slowenien,37904961,9019341,28885620,27.23
"Athletic Tuam",Irland,37526034,8718777,28807257,25.17
"Atletism Balotești",Rumänien,41284351,12581304,28703047,25.95
"PC Strasbourg",Frankreich,34422584,5728258,28694326,26.18
"AEK Elefsina",Griechenland,48023574,19383638,28639936,27.27
"FK Zlín 1920",Tschechien,73432206,44802480,28629726,25.35
"Smehja Komsomolsk",Russland,43966343,15347279,28619064,26.00
"Desportivo Famalicão",Portugal,40276419,11693217,28583202,27.59
"Concordia Rieti",Italien,36620813,8038160,28582653,26.04
"Leeuw Brakel",Belgien,53530406,25028001,28502405,26.55
"FVA Hard",Österreich,42172780,13693781,28478999,25.77
"SHV Passau",Deutschland,32722476,4316767,28405709,26.32
"Udinese CF",Italien,51473760,23164821,28308939,27.61
"FK Tarxien",Malta,78512848,50238454,28274394,27.00
"ASK Paços de Ferreira",Portugal,34506367,6244696,28261671,26.50
"FC Foggia",Italien,43803620,15650621,28152999,27.17
"KS Adanaspur",Türkei,51943391,23795812,28147579,25.95
"Beštije Kotor",Montenegro,50968323,22980580,27987743,26.78
"IFK Malmö",Schweden,117452343,89593164,27859179,27.17
"Unì Viseu",Portugal,34757146,6907986,27849160,25.70
"Manchester Bury",England,38007866,10255082,27752784,26.64
"Srednjo Vitez","Bosnien und Herzegowina",37329165,9697738,27631427,25.36
"Slavonia Brdo",Kroatien,33534727,5904237,27630490,26.95
"Robot Skopje",Mazedonien,56281814,28688610,27593204,26.65
"Ascoli Calcio 1895",Italien,43682313,16423939,27258374,27.73
Dzenlispur,Türkei,48735498,21515683,27219815,26.82
"Tiflis SC",Georgien,44904421,17731054,27173367,27.05
"KS Kostrote Krujë",Albanien,44450481,17323676,27126805,27.36
"AQ Fréjus-St.Raphaël",Frankreich,43875701,16773072,27102629,26.61
"Swansea Town",England,39793028,12721805,27071223,26.95
"SSC Bremen 1915",Deutschland,184115666,157107632,27008034,26.74
"Munster Limerick",Irland,40052794,13101545,26951249,26.82
"FK Golfo di Stabia",Italien,36447072,9881677,26565395,26.55
"SSK Šiauliai",Litauen,56543960,30032617,26511343,26.95
"SK Ústí",Tschechien,30551527,4138542,26412985,26.95
"CP London Eagles",England,139763728,113379453,26384275,26.74
"HSV Frankfurt",Deutschland,47600757,21267282,26333475,25.27
"FC Ballinamallard",Nordirland,29955666,3693976,26261690,26.86
"Ultra Dvor KF",Mazedonien,35301928,9106721,26195207,27.45
"AK Istočno 1909","Bosnien und Herzegowina",40151655,13990479,26161176,25.32
"Rata Macerata 1919",Italien,51348572,25217131,26131441,28.04
"Sporting Arouca",Portugal,38108382,12056178,26052204,26.61
"ASK Oberwart",Österreich,138210068,112195259,26014809,24.96
"ACF Ayr",Schottland,40591178,14579795,26011383,25.73
"Asınördü İzmir",Türkei,39395143,13396949,25998194,27.64
"Avanti Siena",Italien,29647790,3658555,25989235,26.68
"Olimpico Estarreja",Portugal,69640328,43684683,25955645,26.32
"Cnopty Taraz",Kasachstan,51540552,25588432,25952120,27.87
"1. FV Würzburg",Deutschland,535147496,509244517,25902979,24.94
"Birmingham Villans",England,71092540,45192002,25900538,27.08
"Häcken GB",Schweden,32174735,6328824,25845911,26.45
"Uerdinger FSK",Deutschland,87225032,61385109,25839923,26.55
"FC Angelen",Gibraltar,29465847,3718491,25747356,27.77
"Ejderi Kayseri",Türkei,102717068,77029608,25687460,27.23
"Duna Paksi",Ungarn,91902674,66215588,25687086,27.77
"Intra Avellino",Italien,96383068,70727316,25655752,27.55
"Tweede Enschede",Niederlande,38657563,13012208,25645355,26.32
"Sport Qäbälä",Aserbaidschan,29022257,3412157,25610100,26.36
"KA Larisa",Griechenland,36623618,11084545,25539073,26.27
"US Lyon 1965",Frankreich,55177554,29650901,25526653,27.59
"Athlitikó Smyrna",Griechenland,61602249,36157984,25444265,27.82
"SSC Cesena",Italien,39339752,13902395,25437357,27.36
"Vík Ólafsvík 1927",Island,42133903,16698722,25435181,26.68
"Cardiff Dragons",England,62411892,37037014,25374878,27.55
"FK Nancy",Frankreich,32319484,6987623,25331861,26.36
"Sportiva Tondela",Portugal,44922734,19645697,25277037,25.61
"Holstein Steinburg",Deutschland,33676072,8448958,25227114,26.30
"AOL Satu Mare",Rumänien,42309741,17088736,25221005,25.55
"Leuven Duivels",Belgien,54192013,29021735,25170278,26.57
"SC Guédiawaye",Lettland,31603294,6438834,25164460,26.82
"Előre Szombathely",Ungarn,48804162,23646054,25158108,28.77
"SSV Kapfenberg 09",Österreich,93210819,68145172,25065647,27.23
"York Soccer",England,31874456,6905592,24968864,25.45
"Hurricàn Valencia",Spanien,45667191,20867891,24799300,26.68
"SB Lorient",Frankreich,41676741,16882500,24794241,27.00
"SL Martin 1995",Slowakei,31102586,6378343,24724243,26.00
"SCU Sassuolo",Italien,28928585,4298985,24629600,26.91
"Sliema Nomads",Malta,37902148,13425990,24476158,27.32
"Concorde Colmar",Frankreich,112019244,87650853,24368391,27.09
"FV Venlo 02",Niederlande,84085081,59769060,24316021,26.73
"FC Kirchbichl",Österreich,28276599,4086677,24189922,26.86
"Club Heist",Belgien,35124921,11025671,24099250,27.50
"SP Palma de Inca",Spanien,38222567,14153155,24069412,26.36
"Saint Ptuj 1935",Slowenien,52726231,28664448,24061783,28.36
"CSA Suceava",Rumänien,41412925,17364346,24048579,26.91
"VK Norðragøta",Färöer,50496269,26603882,23892387,27.36
"SE Zalaegerszeg",Ungarn,51110183,27343979,23766204,27.73
"SK Auster Lustenau",Österreich,93979154,70243578,23735576,25.86
"FC Caen",Frankreich,27738395,4132456,23605939,27.27
"VS Acquaviva",San Marino,32104599,8540981,23563618,27.45
"Fier Galați",Rumänien,42882906,19357435,23525471,25.86
"JSV Göttingen 1908",Deutschland,34935205,11423590,23511615,27.27
"FC Demba",Lettland,40663592,17167361,23496231,27.09
"Bromma Stockholm",Schweden,73569663,50078472,23491191,26.55
"Union Liége FC",Belgien,32880448,9439951,23440497,27.27
"FSC Großes Aspach",Deutschland,46131013,22771137,23359876,26.05
"KF Novorosskiysk",Russland,44189997,20854903,23335094,27.00
"Beanos Stirling",Schottland,35990359,12667135,23323224,25.32
"Glasgow Randers",Schottland,81024880,57778316,23246564,27.45
"Møre Kristiansund",Norwegen,41641668,18416957,23224711,26.52
"Elektro Cottbus",Deutschland,77892065,54761279,23130786,25.58
"Dinamo Šibenik",Kroatien,41399026,18279210,23119816,27.14
"CO Alcorcón",Spanien,51731876,28723901,23007975,27.52
"FC Belém",Portugal,33470166,10473778,22996388,27.91
"Olympique Geel",Belgien,37737225,14745389,22991836,26.32
"Stade Bern 95",Schweiz,26257440,3269398,22988042,27.27
"Atlético Xàtiva",Spanien,31636882,8658199,22978683,27.59
"Athlitikó Serres",Griechenland,27598705,4727459,22871246,27.05
"RV Cumbernauld",Schottland,37016009,14393120,22622889,26.71
"Atlétika Csákvár",Ungarn,28761663,6159190,22602473,27.32
"KFC Waalwijk 41",Niederlande,27655989,5072963,22583026,27.05
"Samtredia United",Georgien,41994345,19453732,22540613,26.57
"Esportiva Ponferrada",Spanien,62613353,40078384,22534969,28.77
"Veržej SC",Slowenien,42324354,19791001,22533353,25.18
"Union Lommel",Belgien,31352081,9018807,22333274,26.73
"Gimnastio Sanluqueño",Spanien,27726577,5393370,22333207,26.32
"Sportive Tours",Frankreich,49632697,27331804,22300893,26.13
"Lokhtar Soligorsk",Weißrussland,29687889,7400634,22287255,26.61
"SS Pâncota",Rumänien,55086741,32810756,22275985,26.74
"Falkirk United",Schottland,43912644,21718265,22194379,28.82
"Inter Eichstätt",Deutschland,35516659,13356275,22160384,26.27
"Moravica Lučani",Serbien,33018556,10932812,22085744,26.04
"FK Viborg",Dänemark,26073253,4005680,22067573,26.59
"SpVgg Münster 1908",Deutschland,679816166,657755941,22060225,24.09
"Unión Elda",Spanien,32797979,10825951,21972028,26.41
"SAK Solna",Schweden,53040664,31075247,21965417,25.83
"SK Utrecht",Niederlande,73406377,51446153,21960224,27.00
"AFK Pomorie",Bulgarien,32029712,10095112,21934600,27.00
"Inter Campodarsego",Italien,38075638,16146898,21928740,26.23
"Intra Orašje","Bosnien und Herzegowina",33918662,12003453,21915209,26.86
"Cycle Brugge FC",Belgien,27810059,5922768,21887291,27.23
"SA Nantes",Frankreich,30082527,8207332,21875195,24.73
"Puglia Andria",Italien,35751334,13988695,21762639,26.86
"Port Talbot County",Wales,26026411,4300890,21725521,25.41
"Metallica Mielec",Polen,27851846,6135686,21716160,27.14
"Tromsødahl FK",Norwegen,40904689,19219914,21684775,27.86
"SSV Pavia",Italien,41163686,19573302,21590384,26.96
"DTE Groesbeek",Niederlande,27150989,5609087,21541902,26.39
"Société Maasmechelen",Belgien,25229806,3702479,21527327,26.14
"FK Veľký Meder",Slowakei,25656531,4176760,21479771,26.95
"Olympique Dioa",Lettland,55194902,33722246,21472656,28.17
"Olimpia Novgorod",Russland,36748948,15285647,21463301,26.55
"SVC Ekenäs",Finnland,25019177,3663529,21355648,27.50
"FK Banana Yerevan",Armenien,31569915,10246632,21323283,27.52
"Unione Pescara",Italien,46160301,24844451,21315850,28.50
"AK Sluvaria Praha",Tschechien,232929724,211614085,21315639,26.00
"FK Petrol Hîncești",Moldawien,36030790,14744994,21285796,28.91
"Ata Balıkesir",Türkei,43981664,22723821,21257843,26.95
"FC Phynx",Gibraltar,52683590,31438370,21245220,26.64
"SSC Huskvarna",Schweden,27477589,6256964,21220625,26.41
"Stevenage Deers",England,26948596,5747982,21200614,25.68
"Yekatarina Yakutsk",Russland,31187088,10009552,21177536,26.17
"IF Ranheim",Norwegen,30016548,8928036,21088512,25.67
"KS Grimstad",Norwegen,32595271,11574306,21020965,28.64
"Inter Renate",Italien,29167717,8170082,20997635,26.77
"Dilara Gor FC",Georgien,32257988,11263720,20994268,25.86
"NN Tromsø",Norwegen,82392090,61412682,20979408,26.95
"Bjelovar Ždralovi",Kroatien,34100387,13175881,20924506,24.82
"Atletico Forlì",Italien,24333454,3412799,20920655,26.41
"SCF Cowdenbeath",Schottland,33083772,12163570,20920202,28.36
"FC Štip 95",Mazedonien,45086167,24189783,20896384,26.59
"FV Doncla Praha",Tschechien,52142876,31324518,20818358,26.86
"DB Spakenburg",Niederlande,32809268,12032272,20776996,27.39
"Uni Svishtov 48",Bulgarien,38612988,17836075,20776913,28.22
"DAX Silkeborg",Dänemark,41271569,20510019,20761550,27.14
"EU Gibraltar",Gibraltar,40129921,19398758,20731163,28.68
"Arsenal Mansfield",England,38750132,18040208,20709924,26.04
"FK Parndorf",Österreich,29164762,8457148,20707614,27.14
"SK Zvezda Belgrad",Serbien,43342389,22669842,20672547,27.61
"Zelena Stara Sagora",Bulgarien,58278168,37619788,20658380,27.73
"Športno Gorica",Slowenien,39649752,18996153,20653599,27.39
"Inter Zmijavci",Kroatien,49066768,28434530,20632238,28.14
"FF Sollenau 1905",Österreich,155409684,134830688,20578996,29.05
"FTA Porvoo",Finnland,29265376,8710779,20554597,26.00
"Plymotuh Emigrants",England,35212083,14683564,20528519,27.55
"VBC Kortrijk",Belgien,41280601,20766932,20513669,26.54
"Reading Kings",England,32267254,11789673,20477581,26.36
"Oblast Astrakhan",Russland,41541377,21088084,20453293,26.57
"Sportiva Leioa",Spanien,31800518,11495329,20305189,26.26
"Athlético Penafiel",Portugal,24639597,4379355,20260242,25.82
"Atlético Talavero",Spanien,43397683,23162201,20235482,26.73
"NSK Olimpiko","Bosnien und Herzegowina",37357119,17123940,20233179,27.45
"NJL Farum",Dänemark,77616119,57409927,20206192,28.00
"Unione Rimini",Italien,25071248,4928033,20143215,26.32
"Racing Tenerife",Spanien,289699087,269590156,20108931,24.25
"Radar Pljevlja",Montenegro,42813545,22782814,20030731,25.43
"JKA Ylivieska",Finnland,33173373,13149104,20024269,27.36
"Gjumri FC",Armenien,50149762,30129731,20020031,25.65
"Lyrtish Pavlodar",Kasachstan,24463366,4444259,20019107,27.27
"1. FC Bremer Neustadt",Deutschland,27826094,7875339,19950755,27.09
"Høgesund FC",Norwegen,30931697,11001645,19930052,27.35
"Cherno Burgas",Bulgarien,37836151,17913039,19923112,26.32
"ASS Frascati Rom",Italien,33653367,13741769,19911598,25.68
"KF Bosna Kakanj","Bosnien und Herzegowina",59397265,39505756,19891509,28.18
"KFV Rijeka",Kroatien,97370271,77482970,19887301,27.82
"Seraing United",Belgien,28266340,8430765,19835575,26.52
Göztepspor,Türkei,39793963,19959167,19834796,27.32
"Carmathen United",Wales,37994856,18233225,19761631,28.77
"SC Waller Seekirchen",Österreich,40960259,21210217,19750042,28.41
"AS Vicenza",Italien,55752385,36071292,19681093,26.68
"Soda Jönköping",Schweden,41920279,22258169,19662110,27.83
"ASK Karviná",Tschechien,30288932,10661982,19626950,26.52
" YFC Diósgyőr",Ungarn,30515934,10922259,19593675,28.05
"Potenza Melfi",Italien,47430834,27843848,19586986,25.87
"Banja Luka CF","Bosnien und Herzegowina",54139898,34557908,19581990,25.73
"AFC Hemel",England,31873905,12300201,19573704,28.09
"Metalac Surdulica",Serbien,29503767,9931673,19572094,26.55
"Ferrara Calcio",Italien,36785476,17214762,19570714,26.27
"SCC Târgovişte",Rumänien,67519460,48062627,19456833,28.91
"Breda FC",Niederlande,50643574,31215228,19428346,27.52
"Braintree Union",England,26904166,7500979,19403187,27.05
"Atlético Línea",Spanien,36353691,17025423,19328268,27.45
"Omiš FK",Kroatien,45653825,26330486,19323339,26.50
"Guijuelo CF",Spanien,33068069,13780085,19287984,26.82
"Inter Hamoir",Belgien,30246249,11034719,19211530,26.59
"FK Gračanica","Bosnien und Herzegowina",25355921,6192778,19163143,27.64
"LMS Lausanne 1943",Schweiz,32724078,13588340,19135738,27.27
"RCD L’Hospitalet",Spanien,53561918,34448450,19113468,26.00
"Bullev Vratsa FK",Bulgarien,23688231,4646769,19041462,25.05
"VL Degerfors",Schweden,29774493,10812261,18962232,27.91
"Unión Toledo",Spanien,28178732,9230204,18948528,27.00
"JK Sillam",Estland,22752732,3867418,18885314,26.00
"Racing San Sebastián",Spanien,28448413,9579828,18868585,27.27
"Ethnokos Evosmos",Griechenland,25332973,6475955,18857018,27.13
"UK Wilrijk",Belgien,35363041,16530484,18832557,27.64
"Inter Brno",Tschechien,31716584,12916770,18799814,26.17
"IKK Klaksvík",Färöer,30657225,11858675,18798550,28.32
"SK Austrien Wien",Österreich,85839012,67083110,18755902,24.74
"SG Orenburg",Russland,50390701,31639008,18751693,26.00
"OLFK Bischofswerda",Deutschland,26964744,8226941,18737803,26.64
"Atom Peristeri",Griechenland,34806419,16086103,18720316,27.27
"Cáceres Extremadura",Spanien,56268071,37567007,18701064,27.45
"FC Zagreb",Kroatien,42134077,23435210,18698867,27.27
"Sportivo Mondorf",Luxemburg,22602122,3920757,18681365,27.36
"Woolfield FC",Nordirland,73748055,55093936,18654119,26.87
"Benzină Ploiești",Rumänien,38367226,19815993,18551233,26.77
"FC Halle a.d.Saale",Deutschland,132940354,114395207,18545147,24.96
"Atletic Pembroke",Malta,22928473,4504912,18423561,27.04
"Kidderminster Warriors",England,24002652,5628778,18373874,26.32
"OA Nikosia",Zypern,35005403,16687722,18317681,26.59
"Tombola Tuzla","Bosnien und Herzegowina",46502632,28196125,18306507,27.13
"Zhunit St. Peterburg",Russland,66970137,48673550,18296587,28.18
"SSC Erfurt",Deutschland,27864264,9604167,18260097,27.70
"BK Mjällby",Schweden,28448624,10192888,18255736,25.45
"FAK Kemi",Finnland,21592759,3399949,18192810,27.09
"Dukla Příbram",Tschechien,21871090,3680139,18190951,27.64
"Sportsklub Odense",Dänemark,26784520,8603522,18180998,26.13
"KFK Kisvárda",Ungarn,35785327,17609743,18175584,26.30
"KIS Vaasa",Finnland,41992490,23819502,18172988,26.74
"Darkia Chișinău",Moldawien,37003388,18831210,18172178,27.00
"Sportfreunde Bayreuth",Deutschland,29814987,11644000,18170987,27.73
"Luleå SK",Schweden,23910368,5801115,18109253,26.22
"RSD Ferrol",Spanien,49145621,31077969,18067652,26.45
"Vamos La Roda",Spanien,23501712,5436710,18065002,26.77
"Alemannia Marl-Hüls",Deutschland,82637838,64580129,18057709,20.90
"SSC Lugano",Schweiz,65749896,47703317,18046579,27.55
"KFS Acharnes",Griechenland,48648422,30606279,18042143,26.78
"Union Verl",Deutschland,31416356,13380832,18035524,25.39
"Olympique Laval",Frankreich,32800463,14778110,18022353,29.09
"FC Den Haag",Niederlande,21726718,3732929,17993789,26.64
"Sportive Virton",Belgien,48135208,30148470,17986738,27.30
"Wallonia Ciney",Belgien,38812142,20887997,17924145,27.86
"RR Kirkcaldy",Schottland,37779356,19957957,17821399,26.05
"Frihed Fredericia",Dänemark,25940813,8137597,17803216,27.68
"QIF Göteborg",Schweden,26559077,8777764,17781313,28.00
Hecattespur,Türkei,36984846,19219509,17765337,27.41
"Cardinal Woking",England,77867279,60146240,17721039,26.82
"TUS Leoben",Österreich,32627563,14936447,17691116,27.09
"SC Ballymena",Nordirland,21362488,3691863,17670625,26.26
"Olga Samara",Russland,39190823,21540668,17650155,27.09
"Deportiva Llagostera",Spanien,32565716,14928713,17637003,26.45
"SK Ankarügücü",Türkei,41324200,23689248,17634952,27.05
"Găgăuzia Ceadîr-Lunga",Moldawien,22624320,4992233,17632087,26.91
"FV Cavese Calcio",Italien,21568452,3941251,17627201,26.45
"Zefçi Baku",Aserbaidschan,36278671,18655964,17622707,27.32
"ASK Petrovac",Montenegro,67142214,49562304,17579910,26.14
"SA Jura Sued",Frankreich,36646064,19075599,17570465,26.36
"Croatia Čapljina","Bosnien und Herzegowina",27271155,9704776,17566379,27.23
"Sportiva Montegiardino",San Marino,39354088,21815221,17538867,26.79
"ESS Falkirk",Schottland,31084014,13639381,17444633,26.32
"Clonmel Town",Irland,39701655,22279785,17421870,27.55
"Visina Ivanjica",Serbien,25056742,7662236,17394506,27.50
"GK Kauniainen",Finnland,23944110,6578236,17365874,26.48
"Athletico Guimarães",Portugal,28573104,11224841,17348263,26.86
"OL Zmay Ljubljana",Slowenien,80986837,63642108,17344729,27.32
"Atlantika Klaipėda",Litauen,41100433,23781231,17319202,29.05
"FC Mattersburg 1921",Österreich,59405313,42086894,17318419,25.86
"1. SC Pardubice",Tschechien,33385928,16076485,17309443,26.42
"Teplice CF",Tschechien,49567900,32303743,17264157,27.55
"1. FC Karlsruhe",Deutschland,32873207,15630008,17243199,26.38
"IHS Käpylä",Finnland,37455518,20280022,17175496,26.77
"Alf Sandnes 1913",Norwegen,21725892,4580215,17145677,26.73
"Zelen Banovići KF","Bosnien und Herzegowina",29365327,12230541,17134786,26.41
"Opava FV",Tschechien,36360455,19266469,17093986,28.14
"Taurul Chișinău",Moldawien,37122718,20166781,16955937,26.32
"Union Toulouse",Frankreich,51452955,34536400,16916555,28.36
"Íþróttir Hafnarfjörður",Island,57432143,40530815,16901328,28.00
"ISK Grindavík",Island,29605804,12709082,16896722,28.41
"FKS Kriens",Schweiz,21112484,4258899,16853585,27.13
"Wolverhampton Town",England,25670373,8819026,16851347,25.68
"Bavaria Buchbach",Deutschland,358230380,341426789,16803591,25.05
"SBK Pfullendorf",Deutschland,21178912,4393473,16785439,29.64
"CS Lanzarote",Spanien,20680607,3949818,16730789,27.18
"Borussia Rehden",Deutschland,20441981,3738945,16703036,26.41
"Charlton Haddocks",England,68304865,51612861,16692004,26.26
"Pohjanlahti Vaasa",Finnland,33483908,16801438,16682470,27.50
"SSV Olginatese",Italien,48988225,32311480,16676745,26.59
"Toten Raufoss",Norwegen,28753924,12127305,16626619,26.68
"FFK Dornbirn",Österreich,29630904,13007672,16623232,27.27
"Nissan Halmstad",Schweden,29120437,12512598,16607839,27.50
"Saarbrückener SC",Deutschland,49544287,32938181,16606106,27.86
"Ville Rennes",Frankreich,25074135,8486247,16587888,27.18
"Rayo Jumilla",Spanien,38261572,21694483,16567089,27.05
"KS Chojnice 35",Polen,30123410,13563263,16560147,25.39
"KN Galebi",Slowenien,22244493,5695207,16549286,25.95
"ASK Ehegnadzor",Armenien,46295725,29746522,16549203,27.27
Adalanyasport,Türkei,28298641,11750760,16547881,25.95
"Spotivo Zigi",Lettland,21944712,5415461,16529251,27.14
"Sporting Aarau",Schweiz,44178059,27658365,16519694,28.55
"JK Pärnu",Estland,21794114,5315626,16478488,26.45
"Telford Midland",England,80513723,64070217,16443506,27.55
"Pohjanmaa Kokkola",Finnland,25900592,9465653,16434939,27.18
"Phoenix Yerevan",Armenien,38671454,22239975,16431479,27.23
"Unione Teramo",Italien,23335594,6914794,16420800,26.82
"FV Brehl St. Gallen",Schweiz,29680981,13267481,16413500,27.14
"EV Córdoba",Spanien,39947233,23541178,16406055,25.68
"Union Bellinzago CF",Italien,20219893,3873148,16346745,26.77
"SML Nyköping",Schweden,32605351,16294785,16310566,27.27
"Dinamo Kobuleti",Georgien,23500550,7225031,16275519,27.68
"Aero Broughton",Wales,39685014,23538330,16146684,26.91
"UN Luxemburg",Luxemburg,53521665,37412457,16109208,27.45
"Karlstad City",Schweden,30927891,14841909,16085982,27.55
"CQ Wanderers",Wales,20719517,4639178,16080339,25.82
"CS Marbella",Spanien,22822063,6770424,16051639,26.23
"Amsterdam Soccer",Niederlande,21910692,5871981,16038711,27.09
"Zhkupje CF",Mazedonien,29050846,13015422,16035424,27.18
"Kurd Borlänge",Schweden,20635689,4629170,16006519,26.82
"Aris Katokopia",Zypern,22362342,6393634,15968708,25.92
"Blackpool Sea",England,505185323,489218709,15966614,24.22
"Dinamo Hrodna",Weißrussland,25886285,9941884,15944401,27.36
"AS Dunărea Giurgiu",Rumänien,74753206,58811588,15941618,28.75
"KF Sezimovo Ústí",Tschechien,33865131,17926269,15938862,28.09
"Rader Skopje",Mazedonien,43403399,27485618,15917781,25.91
"Leeds Athletic",England,42742545,26876841,15865704,28.04
"Umbria Folignese",Italien,25592970,9732986,15859984,25.65
"UCKA Moskva",Russland,95683998,79863240,15820758,28.05
"KV Lions",Gibraltar,21105982,5311622,15794360,27.41
"Huvnar Tórshavn",Färöer,60849765,45082785,15766980,26.64
"Motherwell Soccers",Schottland,172879271,157126694,15752577,28.32
"FK Cádiz",Spanien,33541579,17802208,15739371,26.91
"KS Kamëz",Albanien,27170767,11440576,15730191,27.77
"Puña Tafalla",Spanien,27511523,11787448,15724075,28.00
"KS Sarpsborg 07",Norwegen,29672873,13951773,15721100,26.52
"FF Gerasdorf",Österreich,21420243,5704636,15715607,26.09
"SK Prudy",Russland,47327236,31613245,15713991,28.13
"DSK Fortuna Wien",Österreich,27275063,11601748,15673315,27.09
"SSC Gillingham 1898",England,25512263,9855163,15657100,27.55
"KF Široki Brijeg 1948","Bosnien und Herzegowina",140802968,125272506,15530462,21.65
"Värnamo SK",Schweden,30870435,15348397,15522038,27.55
"Atlético Varzim",Portugal,19629620,4119669,15509951,25.59
"FSV Neugersdorf",Deutschland,23601454,8117073,15484381,26.59
"Borussia Northeim",Deutschland,22606206,7137270,15468936,26.95
"Sumqayıt CF",Aserbaidschan,39506428,24049012,15457416,28.77
"KS Kavajë",Albanien,24900881,9457148,15443733,26.86
"Østfold Fredrikstad",Norwegen,21624478,6240439,15384039,27.73
"Zenita Kranj",Slowenien,53140083,37775628,15364455,26.48
"Açores Delgada",Portugal,40711701,25375604,15336097,27.64
"OV Lokeren",Belgien,22545397,7223432,15321965,27.82
"FK Kılkarelispurt",Türkei,23811924,8509792,15302132,26.73
"RCD Numancia",Spanien,87270416,72003663,15266753,27.70
"Fótbolti Fjarðabyggð",Island,64426695,49176617,15250078,26.55
"Podla Białystok",Polen,61651838,46408496,15243342,27.39
"FSI Mariehman",Finnland,21586712,6349025,15237687,26.27
"ISF Ålesund",Norwegen,172515307,157292416,15222891,27.84
"Haifa SC",Israel,52080875,36865452,15215423,27.38
"Jekla Kidričevo",Slowenien,25305611,10091131,15214480,26.59
"Voša Novi Sad",Serbien,31647145,16452321,15194824,26.55
"Preußen Unterföhring",Deutschland,24592419,9452355,15140064,26.77
"Kriger Helsingør",Dänemark,21239169,6112535,15126634,25.45
"Oxford Bulls",England,24250315,9129574,15120741,26.41
"NK Niš",Serbien,31419117,16340922,15078195,26.18
"Balzan United",Malta,29686459,14615150,15071309,25.26
"SSU Catanzaro",Italien,23583145,8521066,15062079,26.95
"Spartak Žilina",Slowakei,34510852,19453112,15057740,28.55
"Unión Tudelano",Spanien,19312362,4306631,15005731,26.22
"Fortuna Norderstedt",Deutschland,41364865,26395441,14969424,27.27
"SS Stradella Voghera",Italien,42942996,27985621,14957375,27.18
"Kenmare United",Irland,24686748,9751198,14935550,27.05
"Haffa FC",Israel,58288859,43391170,14897689,27.41
"HOM Edinburgh",Schottland,60552120,45656930,14895190,25.96
"JK Tartu Lemm",Estland,67770635,52878660,14891975,27.45
"Iris Saloniki",Griechenland,35683605,20810667,14872938,27.00
"FK Fiorentino",San Marino,44647838,29776142,14871696,27.50
"Unión Torrelavega",Spanien,18881881,4018034,14863847,26.52
"SI Atlet Göteborg",Schweden,21544406,6686950,14857456,25.78
"BK Getxo",Spanien,27549786,12704817,14844969,27.55
"KKS Jyväskylä",Finnland,39916144,25098686,14817458,28.22
"SC Orel Kranj",Slowenien,94631104,79847608,14783496,27.22
"Scuderia Benedetto",Italien,45506647,30729965,14776682,27.00
"Sporting Wil",Schweiz,22020148,7279734,14740414,27.86
"Carpi Calcio",Italien,35530568,20797775,14732793,25.95
"Rayo Pobla de Mafumet",Spanien,33556765,18835376,14721389,25.09
"Sligo Randers",Irland,20308861,5590796,14718065,27.48
"Almere Town",Niederlande,45519661,30804388,14715273,26.05
"  Elazığspurt",Türkei,23508896,8812995,14695901,27.95
"Union Kutaisi",Georgien,39525859,24831757,14694102,29.00
"Hellas Almelo",Niederlande,22674195,7985407,14688788,28.05
"ZH Winterthur",Schweiz,37224787,22565735,14659052,26.82
"Lületaş Eskişehir",Türkei,42434358,27805353,14629005,26.96
"AFK Svätý Jur",Slowakei,40499187,25911629,14587558,28.05
"SC Livorno",Italien,58714517,44142181,14572336,29.68
"VfR Neuenkirchen",Deutschland,24537799,9967033,14570766,28.00
"Täby IF",Schweden,35641554,21080174,14561380,26.95
"Herakles Verona",Italien,24231896,9680408,14551488,26.74
"SSV Modena",Italien,21213728,6673866,14539862,27.64
"IFF Örebro",Schweden,29126496,14606617,14519879,26.68
"FC Oriént",Portugal,25332211,10822761,14509450,25.86
"Þùllíá Akureyri",Island,28780462,14280826,14499636,26.00
"Friidrott Sundsvall",Schweden,20267736,5804806,14462930,25.95
"FSL Homburg",Deutschland,59598704,45139090,14459614,27.85
"Cannon Dungannon",Nordirland,24944265,10500653,14443612,26.77
"EXZ Rotterdam",Niederlande,54886620,40478479,14408141,27.50
"FV Budapest",Ungarn,67162273,52756670,14405603,26.43
"Siluro Grosseto",Italien,34023896,19668939,14354957,25.91
"Germania Cloppenburg",Deutschland,21090584,6750069,14340515,27.73
"Speertak Rotterdam",Niederlande,43953621,29645811,14307810,26.82
"Forrest Bradford",England,35738544,21451564,14286980,25.83
"LOK Sarajevo","Bosnien und Herzegowina",26525214,12280451,14244763,25.91
"Glückauf Köln 1950",Deutschland,28471679,14241847,14229832,27.72
"Radnik Čačak",Serbien,39068327,24873886,14194441,26.83
"FC Ivantsminda",Georgien,72459212,58271917,14187295,27.17
"Szeged FC",Ungarn,36948549,22856001,14092548,26.13
"FK Chaves 48",Portugal,27820227,13761116,14059111,26.77
"HB Paola",Malta,85757714,71700224,14057490,27.83
"Sportivo Braga",Portugal,19285443,5267163,14018280,27.55
"Bangor Town",Wales,21224413,7254829,13969584,27.36
"Unione Padova",Italien,32579143,18621246,13957897,28.00
"Thraki Komotini",Griechenland,98023733,84076820,13946913,29.77
"Brócoli Lorca",Spanien,62560083,48633415,13926668,27.32
"KV Wohlen",Schweiz,55201942,41325380,13876562,26.95
"La Louvière City",Belgien,41838058,27965415,13872643,27.59
"Horner SC",Österreich,29566143,15704325,13861818,25.59
"VL Trakai",Litauen,20409757,6576610,13833147,27.50
"AS Cornella",Spanien,28683276,14856882,13826394,26.17
"Luton United",England,21044731,7238250,13806481,28.64
"Brescia CF",Italien,22098842,8297707,13801135,26.77
"Dynamit Zagreb",Kroatien,312174488,298410723,13763765,22.05
"AK Gomel",Weißrussland,22378639,8616796,13761843,26.17
"Zakarpatti Uzhgorod",Ukraine,45564925,31809776,13755149,27.32
"Typá Tyumen",Russland,19591655,5841896,13749759,27.23
"St. Portadown 25",Nordirland,22634537,8900524,13734013,26.55
"CF Eibar",Spanien,62651083,48921529,13729554,27.91
"SC Mechelen 1905",Belgien,46504513,32786133,13718380,26.17
"Kotorosl Yaroslavl",Russland,26670333,12967370,13702963,27.36
"FKI Runavík",Färöer,34777212,21104661,13672551,26.54
"Eendracht Petegem",Belgien,22885548,9252492,13633056,27.18
"SGE Rheine",Deutschland,33272778,19647445,13625333,27.27
"Juve Makov",Slowakei,28744108,15119628,13624480,27.55
"Saimaa Joutseno",Finnland,23409166,9810690,13598476,27.36
"Osser FK",Niederlande,24463768,10872631,13591137,27.95
"SS St. Martina Franca",Italien,38613421,25023402,13590019,27.32
"Røga Egersund",Norwegen,22570792,8986116,13584676,26.23
"SC Esch",Luxemburg,56571425,43002859,13568566,28.64
"Ritzinger SK",Österreich,26968981,13428207,13540774,27.32
"Mitchelstown CF",Irland,22198908,8692703,13506205,26.36
"SK Skive 1902",Dänemark,27116758,13615009,13501749,27.36
"Lahut Idzevan",Armenien,46195772,32722102,13473670,28.64
"SK FC Leva",Estland,44881031,31438645,13442386,26.59
"Eintracht Rudolstadt",Deutschland,22114274,8679909,13434365,28.32
"Roban Krasnodar",Russland,47751741,34325074,13426667,26.59
"JK Tallinn",Estland,81424098,68027816,13396282,27.04
"Algarve Olhão",Portugal,24152612,10776201,13376411,26.77
"Sunny Lowestoft",England,27191635,13816712,13374923,27.43
"AS Cailungo",San Marino,17446971,4078473,13368498,25.77
"FV Maribor 61",Slowenien,56983506,43620984,13362522,27.52
"Matosinhos Leixões",Portugal,23208684,9884713,13323971,27.82
"KV Târgu Mureș",Rumänien,22524968,9210757,13314211,26.09
"TSG Landsberg",Deutschland,19610914,6334201,13276713,26.86
"FC Tbilisi",Georgien,20643002,7367815,13275187,27.41
"Lipany FK",Slowakei,49869978,36611220,13258758,27.70
"Stenhousemuir SSC",Schottland,21834901,8597425,13237476,26.14
"SC Waterford",Irland,19427963,6228013,13199950,26.64
"AF Bray",Irland,30658570,17470053,13188517,28.50
"SK Strømmen",Norwegen,19044808,5862698,13182110,27.50
"FK Mezőkövesd 76",Ungarn,48230348,35066015,13164333,26.68
"Škundelja Tetovo",Mazedonien,23374590,10223416,13151174,26.41
"Sportsko Zenica","Bosnien und Herzegowina",17717438,4568451,13148987,27.86
"Indre Châteauroux",Frankreich,22748494,9620541,13127953,27.32
İhögölaspocht,Türkei,17551958,4444456,13107502,26.95
"Başektaş Istanbul",Türkei,391500352,378397374,13102978,22.16
"Canarinhos Bragança",Portugal,65501667,52414970,13086697,26.70
"FK Mezdra",Bulgarien,34073747,20992178,13081569,24.73
"Kriti Platanias",Griechenland,39950421,26871324,13079097,28.05
"Fotball Moss",Norwegen,33550225,20480213,13070012,26.48
"Rodóva Marijampolė",Litauen,25473926,12425607,13048319,27.41
Şunıarfanorspor,Türkei,29600671,16573558,13027113,26.09
"FK Schwechat 1899",Österreich,20607766,7587915,13019851,27.09
"Feniks Lovech",Bulgarien,58385060,45385983,12999077,26.91
"Vlaanderen Hamme",Belgien,23242122,10250587,12991535,27.64
"TSK Ivanovo",Russland,66423316,53434615,12988701,27.87
"IF Brand Bergen",Norwegen,23584901,10615750,12969151,26.36
"ST Bozen 1996",Italien,24486515,11521875,12964640,26.26
"Naxxar Soccer",Malta,20820590,7862512,12958078,26.18
"Sport Örebro",Schweden,42958894,30014889,12944005,27.64
"East Ham London",England,51931997,38990492,12941505,28.50
"Real Koksijde",Belgien,18312997,5413079,12899918,26.41
"AFK Floridsdorf",Österreich,29472648,16574409,12898239,27.18
"Portsmouth City",England,19540760,6645404,12895356,28.09
"SSC Lecce",Italien,22438689,9567158,12871531,27.27
"CD Elche",Spanien,17430910,4559492,12871418,25.43
"ASS Nieciecza",Polen,21862574,8997494,12865080,27.35
"Omla Čakovec",Kroatien,34550258,21689966,12860292,27.41
"Sportivo Reggio",Italien,27891873,15052522,12839351,27.17
"Veneto Bassani",Italien,28101534,15269580,12831954,26.64
"Županija Vinkovci",Kroatien,23988063,11166468,12821595,27.26
"Onoare Buzău",Rumänien,25181326,12359767,12821559,26.55
"Sportowy Lubin",Polen,26746290,13941654,12804636,27.36
"Sportivo Aves",Portugal,19621488,6818470,12803018,27.05
"Dinamo Bolnisi",Georgien,29553079,16764354,12788725,28.23
"Napoli Calcio",Italien,33880453,21093624,12786829,26.32
"Zaan Alkmaar",Niederlande,25082701,12350321,12732380,27.95
"Union Crewe",England,22140010,9408768,12731242,26.70
"Alamat Yerevan",Armenien,28540795,15811310,12729485,26.50
"SK Mjøndolen",Norwegen,20509735,7791605,12718130,26.55
"HS Lyngby",Dänemark,38226873,25511706,12715167,27.39
"SK Varberg",Schweden,18241036,5526381,12714655,26.27
"TSV St. Florian",Österreich,17290675,4578953,12711722,27.05
"BBC Bissingen",Deutschland,139810436,127107427,12703009,23.78
"Gnaser FC",Österreich,46862358,34167647,12694711,26.55
"Hrvatskoj Pleternica",Kroatien,27253504,14574983,12678521,25.95
"FKS Puławy",Polen,31722697,19052154,12670543,27.77
"KF Libertatis",San Marino,42499736,29838123,12661613,27.95
"Viktoria Jihlava",Tschechien,20219228,7560037,12659191,26.86
"Lava Southport",England,27005067,14358608,12646459,28.32
"Rossoblù L`Aquila",Italien,28837266,16196447,12640819,28.09
"Amor Famagusta",Zypern,39134244,26507926,12626318,27.50
"Neuwiener FK",Österreich,18427874,5823546,12604328,27.05
"FK Chambly",Frankreich,21718381,9160749,12557632,26.52
"SK Glimt Bodø",Norwegen,23015023,10471154,12543869,27.86
"IF Finnsnes 23",Norwegen,20582530,8088693,12493837,26.27
"Vlak Gorna Orjachowiza",Bulgarien,31436087,18969792,12466295,27.83
"ZD Dordrecht",Niederlande,17331584,4914555,12417029,26.87
"GSI Örgryte",Schweden,16642392,4245128,12397264,27.82
"FC Miro Be’ér Shéva",Israel,19325840,6943949,12381891,27.18
"Academic Dublin",Irland,26099846,13731234,12368612,26.50
"Legnica FK",Polen,16831695,4484936,12346759,27.59
"FC Jeddeloh 1953",Deutschland,23394016,11049997,12344019,28.55
"Lazwáj Katowice",Polen,20340031,8001886,12338145,26.64
"SAA Taggia 1938",Italien,18026614,5697909,12328705,26.50
"Società Messina",Italien,34311059,21987223,12323836,27.14
"Turopolje Gorica",Kroatien,19855211,7537653,12317558,27.05
"Bromley UK",England,20092652,7777094,12315558,28.73
"Zinter Golubovci",Montenegro,24044407,11732742,12311665,27.30
"EF Deinze",Belgien,77562248,65260536,12301712,28.50
"Union Scunthorpe",England,15883405,3585957,12297448,26.09
"BW Linz 1998",Österreich,77823292,65555472,12267820,28.91
"SK Wrocław ",Polen,33065556,20811851,12253705,28.45
"Horda Sotra",Norwegen,16489014,4241328,12247686,26.23
"Nabyla Qostanai",Kasachstan,29843799,17619219,12224580,26.54
"1. FK Bockenheim",Deutschland,20987452,8778739,12208713,26.82
"TuS Nordhausen",Deutschland,25200626,12995918,12204708,25.45
"Viktoria Schaffhausen",Schweiz,26935809,14743873,12191936,27.23
"Lombardia Como",Italien,16013530,3831843,12181687,27.00
"Kumpaty Lviv",Ukraine,16694660,4526965,12167695,26.86
"Spartak Nizhnekamsk",Russland,43939423,31776955,12162468,26.30
"FK Differdange",Luxemburg,23022025,10867203,12154822,27.14
"Joseph`s United",Gibraltar,21820395,9666231,12154164,27.45
"RB Fischeln",Deutschland,39644895,27520403,12124492,26.50
"SC Wecker Innsbruck",Österreich,30182864,18077368,12105496,27.13
"IKK Falkenberg",Schweden,30104106,18008970,12095136,26.09
"ASK Eindhoven",Niederlande,134256212,122181555,12074657,25.63
"Padova Este",Italien,19158769,7087140,12071629,26.77
"KF Bijeljina","Bosnien und Herzegowina",17506968,5442473,12064495,26.59
"Tirreno Viareggio",Italien,19267022,7202911,12064111,25.17
"Gimnastico Baleares",Spanien,23481509,11430358,12051151,27.05
"Vejle FF",Dänemark,19505092,7486068,12019024,27.86
"Gernika FC",Spanien,36279234,24263196,12016038,29.00
"Austria Imst",Österreich,24021535,12013982,12007553,26.82
"SL Hradiště",Tschechien,23324838,11320713,12004125,26.95
"SpVgg Hauenstein",Deutschland,25021256,13022874,11998382,28.14
"Sporting Pontisola",Italien,19840554,7847248,11993306,26.18
"FK Faro",Portugal,21229946,9266336,11963610,27.09
"ASL Šenčur 52",Slowenien,22328245,10366890,11961355,27.41
"Glentory Belfast",Nordirland,24237112,12288431,11948681,26.86
"Acresse FC",Israel,37461752,25513360,11948392,26.32
"Sheffield Oils",England,46387688,34442454,11945234,26.87
"Sporting Oliveira",Portugal,32715992,20777879,11938113,26.55
"SSV Lille",Frankreich,19237001,7301407,11935594,27.50
"FSV Schwachhausen",Deutschland,16767060,4841997,11925063,27.32
"OL Donezk",Ukraine,40453734,28559281,11894453,27.61
"Sportivo Leiria",Portugal,30949354,19056219,11893135,27.82
"Štirovnik Cetinje",Montenegro,20137666,8257472,11880194,27.00
"Gioventà Venezia",Italien,18909616,7069521,11840095,26.55
"Unionos Athen",Griechenland,43788370,31951305,11837065,27.26
"Sverige Trelleborg",Schweden,29454285,17645761,11808524,28.58
Ümrüsyespur,Türkei,22332993,10525961,11807032,26.92
"VfB Zwettl",Österreich,18593782,6798902,11794880,27.77
"Unione Cittadella",Italien,30966157,19204338,11761819,26.68
"WSV Kristall Wattens",Österreich,45475858,33746684,11729174,28.05
"KOZ Werkendam",Niederlande,37234826,25506857,11727969,27.09
"Yelisa Kirovohrad",Ukraine,34571249,22851826,11719423,27.36
"Usk Newport",England,119783258,108086365,11696893,25.36
"NK Veduž Mostar","Bosnien und Herzegowina",19533120,7845529,11687591,26.77
"FC Petite Mbour",Lettland,23786840,12142553,11644287,27.41
"Jylland Herning",Dänemark,65839237,54197562,11641675,28.05
"Agrar FB",Färöer,15851338,4212880,11638458,27.86
"Tähti Tampere",Finnland,89791651,78156983,11634668,27.39
"Dagenham Athletic",England,53623129,41995549,11627580,27.52
"Torpdeo Slutsk",Weißrussland,29506187,17934580,11571607,26.91
"Tog Hjørring",Dänemark,19133928,7573639,11560289,28.05
"BO Praha 1903",Tschechien,20327111,8769228,11557883,28.50
"Lazio Latina",Italien,22983331,11474993,11508338,27.45
"KF Eagles Blagoevgrad ",Bulgarien,43655304,32147727,11507577,27.50
"Vorvaard Haugesund",Norwegen,27063829,15559389,11504440,26.39
"SI Uppsala",Schweden,17531768,6032928,11498840,26.82
"FV Langreo",Spanien,16578607,5090746,11487861,27.14
"SN Teramo Calcio",Italien,18308718,6823122,11485596,27.09
"Olympiakos Achna",Zypern,21656293,10175878,11480415,27.05
"KF Rila Razlog",Bulgarien,20026771,8560946,11465825,24.91
"Clarrtonville CF",Nordirland,32638981,21211649,11427332,25.36
"AS Perugia",Italien,23797411,12385711,11411700,26.87
"Ružomberok FC",Slowakei,17844084,6443162,11400922,27.09
"SFC Krasnoyarsk",Russland,39139306,27765441,11373865,28.61
"MFC Budapest",Ungarn,82051923,70699295,11352628,28.09
"KF Bacău",Rumänien,35849992,24503798,11346194,27.92
"NB Helmond",Niederlande,23628320,12286626,11341694,27.04
"Stadt Brest 39",Frankreich,29236141,17900413,11335728,27.14
"Västra Borås ",Schweden,26638866,15305392,11333474,27.96
"FK Bojaro Tarnovo",Bulgarien,18469701,7143358,11326343,25.95
"FK Martuni",Armenien,16844148,5523497,11320651,26.27
"Spa Cheltenham",England,16417285,5100300,11316985,26.74
Apaçilespor,Türkei,36789757,25477685,11312072,26.95
"Dover County",England,15918958,4611044,11307914,26.32
"Boomian FC",Irland,28288366,17010861,11277505,23.76
"OFK Ski",Norwegen,30390606,19141373,11249233,26.86
"Stadt Reims",Frankreich,32855815,21611294,11244521,26.41
"Ellada Partras",Griechenland,15663570,4434302,11229268,29.41
"IP Ljungskile",Schweden,16600431,5373391,11227040,27.05
"Sodjìska Nikšić",Montenegro,19883282,8666107,11217175,27.18
"SAK Łęczna",Polen,16878972,5665442,11213530,27.50
"FK St. Mirror",Schottland,31631767,20424327,11207440,27.86
"FKS Liefering",Österreich,43490321,32303951,11186370,27.09
"Uno Seregno 1923",Italien,18256311,7077689,11178622,27.73
"Adria Dugopolje",Kroatien,15958743,4784094,11174649,26.35
"Rayo Goitioltza",Spanien,19259361,8085412,11173949,28.14
"FKK Annabichl",Österreich,18608984,7439780,11169204,27.00
"Nożna Bydgoszcz",Polen,18124904,6982776,11142128,27.22
"AS Bourg-P̩ronnas",Frankreich,22051811,10927490,11124321,27.14
"Atlético Albacete",Spanien,44319745,33228819,11090926,28.14
"Universitate Clinceni",Rumänien,41367338,30277842,11089496,27.27
"NK Sarajevo","Bosnien und Herzegowina",49186681,38101105,11085576,25.78
"Zhunya Kursk",Russland,17207651,6152505,11055146,28.50
"Union Weiz",Österreich,17154056,6103671,11050385,26.64
"SCP Tenisca",Spanien,27295729,16267615,11028114,27.77
"Gosport Rebells",England,30135068,19130946,11004122,26.78
"FV Dumbarton 1871",Schottland,25624683,14624264,11000419,28.23
"Halifax County",England,33174014,22183533,10990481,26.91
"Athlitikó Veria",Griechenland,15164138,4175882,10988256,27.23
"AC Palermo ",Italien,77995431,67057460,10937971,28.78
"SC Džepčište 05",Mazedonien,34268780,23371811,10896969,26.70
"Volgar Saratov",Russland,43211162,32355477,10855685,28.91
"Lougana FC",Lettland,32469645,21623785,10845860,27.36
"Mladi Podgorica FK",Montenegro,20654366,9828037,10826329,27.41
"FKS Kópavogur",Island,28917715,18094756,10822959,28.09
"FV Olot",Spanien,16758061,5957594,10800467,27.13
"Morecambe Seafighters",England,17391355,6596342,10795013,26.82
"KA Iraklio",Griechenland,28108761,17322391,10786370,26.09
"Concord Åsane",Norwegen,15082222,4301875,10780347,26.86
"Chelmsford Community",England,14717380,3938479,10778901,26.32
"Hellas Sundbyberg",Schweden,21136814,10383450,10753364,26.00
"Žuti Visoko","Bosnien und Herzegowina",19003142,8281314,10721828,26.91
"VV Dessel Kings",Belgien,26120939,15400509,10720430,26.64
"Glacia SC",Gibraltar,14761662,4070315,10691347,26.32
"Atlético Osuna",Spanien,14004292,3316135,10688157,25.91
"KV Kratovo",Mazedonien,21737244,11075341,10661903,26.91
"KF Welski Sofia",Bulgarien,62774489,52122234,10652255,26.36
"Belediye Aydin",Türkei,33964457,23337309,10627148,27.05
"Realstar Bruxelles",Belgien,59492816,48880837,10611979,28.00
"FC Pagani",Italien,21277602,10670612,10606990,26.57
"Schwyz Tuggen",Schweiz,14487020,3881996,10605024,27.59
"ASC Kilmarnock",Schottland,50141104,39558405,10582699,28.23
"USJ Kotka",Finnland,22864009,12296904,10567105,26.77
"FC Aalborg",Dänemark,108246052,97698370,10547682,27.55
Kocaelispor,Türkei,25820167,15274715,10545452,28.59
" Spreča Lukavac","Bosnien und Herzegowina",14762590,4219839,10542751,25.87
"Whitehawk Eagles",England,19773415,9239709,10533706,26.55
"SK Vránika Ostrava",Tschechien,17061544,6528257,10533287,27.36
"AS Le Havre",Frankreich,29517842,19020414,10497428,26.64
"WAL Walhain",Belgien,21387706,10894784,10492922,26.30
"Krško CFC",Slowenien,47649647,37162807,10486840,27.82
"Vitória Freamunde",Portugal,21503500,11058173,10445327,26.96
"Sporting Roeselare",Belgien,15624324,5194136,10430188,26.45
"FC Mbour",Lettland,15356681,4933825,10422856,28.41
"ASK Velenje",Slowenien,27790736,17368057,10422679,27.59
"Campania Benevento",Italien,25931792,15510865,10420927,25.91
"FK Una Bihać","Bosnien und Herzegowina",14714825,4300512,10414313,27.45
"Sportiv Voluntari",Rumänien,66523271,56182893,10340378,27.68
"Sportska Pleven",Bulgarien,27418240,17097705,10320535,26.86
"Saksahan Kryvyi",Ukraine,16243007,5934622,10308385,27.09
"IFF Västerås 05",Schweden,20521319,10217925,10303394,27.59
"PCC Chieri",Italien,17351350,7062850,10288500,26.14
"Nowy Sącz KV",Polen,13795364,3511911,10283453,26.18
"Vitoria Constanța",Rumänien,39079940,28808146,10271794,27.41
"Angel de Compostela",Spanien,25121906,14851778,10270128,27.17
"Unire Botoșani",Rumänien,40685539,30438331,10247208,26.86
"Oxford Urbans",England,15737496,5493173,10244323,27.59
"NWV Bergisch Gladbach",Deutschland,14468053,4223740,10244313,27.18
"Cabinteely United",Irland,29550294,19317078,10233216,26.35
"FK Dunfermline",Schottland,51490703,41265815,10224888,27.68
"AK Stara Zagora",Bulgarien,16826518,6612588,10213930,26.73
"ARA Södertälje",Schweden,28990101,18782529,10207572,27.68
"SSC Zwolle 91",Niederlande,15005619,4807697,10197922,26.55
"Okzhlïmpïada Kokshetau",Kasachstan,24332030,14135206,10196824,26.68
"Walsall City",England,35953952,25760792,10193160,26.91
"ASS Troyes",Frankreich,20957137,10790822,10166315,27.23
"Turpedia Armavir",Russland,26586639,16422677,10163962,27.64
"Uzhi Makhachkala",Russland,34910113,24757303,10152810,27.59
"KF Radar Kakanj","Bosnien und Herzegowina",15382618,5260331,10122287,27.23
"FK Eindhoven City",Niederlande,31246829,21126331,10120498,27.00
"Zaskia Gdańsk",Polen,55838399,45725857,10112542,27.17
"CS Onda",Spanien,19032705,8932557,10100148,28.50
"FCB Aubstadt",Deutschland,15950183,5869344,10080839,26.77
"Diano FC",Lettland,28104108,18025882,10078226,26.73
"SSC Portimão",Portugal,36779871,26703306,10076565,27.18
"Blessed St Albans",England,18212060,8142250,10069810,27.64
"Gimnastikos Argos",Griechenland,40192384,30137143,10055241,27.23
"SSC Lanciano",Italien,19292487,9282720,10009767,27.50
"Rot-Weiß Ingolstadt",Deutschland,21604016,11624411,9979605,27.23
"Roskilde Island",Dänemark,46199531,36221090,9978441,27.26
"IS Höllviken 1934",Schweden,22497234,12522158,9975076,26.96
"RW Beckum",Deutschland,15504808,5533025,9971783,27.45
"Welsh Wrexham",England,15293867,5326823,9967044,26.96
"TuS Darmstadt",Deutschland,17380517,7422790,9957727,26.23
"Unión Mafra",Portugal,33654854,23703020,9951834,27.00
"JK Linname",Estland,28774299,18825465,9948834,26.55
"Dynamo Großbardorf",Deutschland,13902565,3970207,9932358,26.91
"Anastasiou Karditsa",Griechenland,33406407,23488184,9918223,27.09
"SK Vertikal Turnovo",Mazedonien,26119369,16207138,9912231,26.52
"Záhorie Skalica",Slowakei,69616020,59706538,9909482,26.57
"Eintracht Luckenwalde",Deutschland,15055121,5157875,9897246,26.45
"Concord Bishops",England,14006965,4110508,9896457,26.43
"SC Michalovce",Slowakei,13184524,3289034,9895490,28.00
"Sutton Athletic",England,15500772,5607607,9893165,27.32
"Bristol Sport",England,16308706,6420045,9888661,27.23
"FS Serravalle",San Marino,40045491,30180202,9865289,29.41
"Østerø Eiði",Färöer,19128388,9267760,9860628,27.00
"KV Lahti",Finnland,73898706,64039486,9859220,29.05
"Teutonia Alfter",Deutschland,17862425,8011298,9851127,27.41
"Hemmerup AK",Dänemark,32585228,22742767,9842461,27.68
"FK Hoppa Steyr",Österreich,42063407,32269843,9793564,28.82
"Beuter Jeru FC",Israel,21201103,11438788,9762315,26.64
"AFK Anif",Österreich,22114476,12362835,9751641,26.45
"Dunawska Razgrad",Bulgarien,27570245,17819280,9750965,25.84
"IS Norrköping",Schweden,133054486,123308347,9746139,25.76
"SG Arta 2013",Griechenland,15550229,5815720,9734509,28.91
"Asturias Gijón",Spanien,49743862,40009752,9734110,28.39
"More Zvornik","Bosnien und Herzegowina",16283069,6573006,9710063,25.91
"RC Socuéllamos",Spanien,16969954,7310020,9659934,27.23
"AS Strassen",Luxemburg,39303316,29651796,9651520,27.55
"Drogheda City",Irland,19793241,10165250,9627991,27.65
"Intra Brașov",Rumänien,21841391,12230132,9611259,26.45
"Chorley Roses",England,14021167,4411735,9609432,26.73
"SKK Hamburg",Deutschland,17503979,7895281,9608698,26.91
"SH Hammarby",Schweden,164442858,154853612,9589246,27.42
"FK Novi Zagreb",Kroatien,60102438,50516755,9585683,28.25
"Solyaransk Moskva",Russland,25642171,16074909,9567262,28.73
"ASS Gibraltar",Gibraltar,64918240,55370660,9547580,28.00
"Gainsborough United",England,13646142,4103330,9542812,26.41
"FC Hapa Tel-Avia",Israel,110782026,101251633,9530393,28.35
"FC Piacenza 1929",Italien,20158865,10673171,9485694,27.00
"Babelsberger Kickers",Deutschland,14623691,5145040,9478651,28.82
"Lugan County",Nordirland,20538462,11066668,9471794,27.09
"Woch Chorzów",Polen,15697960,6250141,9447819,27.32
"FK Vidin 1922 ",Bulgarien,13480326,4037906,9442420,27.50
"KSK Katowice",Polen,14201900,4769998,9431902,27.14
"AS Caronno-Pertusella",Italien,22119790,12701132,9418658,27.55
"Olimpic Cobh",Irland,15285968,5891088,9394880,27.91
"SSC Tra Penía",San Marino,20971250,11594699,9376551,26.55
"Huddersfield Sports",England,15427913,6063509,9364404,27.05
"OKF Montana 1948",Bulgarien,18061385,8712921,9348464,27.32
"GR Klaipėda",Litauen,31698344,22366951,9331393,28.61
"OL Våluronga",Norwegen,90455321,81180572,9274749,28.05
"Atletický Báhoň",Slowakei,29230818,19959765,9271053,27.57
"FK Poissy",Frankreich,14700911,5432803,9268108,28.05
"AS Metz",Frankreich,20685170,11423534,9261636,27.82
"Torquay Kickers",England,15068547,5807291,9261256,26.05
"Lood Volendam",Niederlande,15729567,6469346,9260221,27.27
"FV Radan Kotor",Montenegro,30913790,21661067,9252723,26.26
"Séfélag Selfoss",Island,26176701,16929091,9247610,26.86
"FA Fuglafjørður",Färöer,32482895,23247510,9235385,27.95
"Nadyavam Dobrich",Bulgarien,23839302,14609382,9229920,26.00
"IFK Reichenau",Österreich,23230366,14007760,9222606,28.45
"Rangers IF",Dänemark,56585576,47367582,9217994,26.78
Sincanspur,Türkei,22060732,12845173,9215559,26.65
"Kokemäenjoki Pori",Finnland,15821030,6612136,9208894,26.18
"SA Vaskalund",Schweden,20195953,11000397,9195556,27.27
"Sporting Lecco",Italien,17413357,8230881,9182476,26.50
"SFV Plauen",Deutschland,15926043,6786660,9139383,28.32
"SC Agrigento",Italien,22030249,12906070,9124179,28.36
"SC Fiorentina",Italien,32600317,23476138,9124179,26.59
"SWBH Villingen",Deutschland,26623067,17538314,9084753,27.05
"Zmajevi Gradačac","Bosnien und Herzegowina",29543942,20468612,9075330,26.82
"SL Pastarossa",San Marino,36504870,27429911,9074959,27.59
"FV Zoro",Aserbaidschan,14080059,5005401,9074658,27.09
"Jahn Wiedenbrück",Deutschland,16502237,7434038,9068199,27.50
"Lašva Travnik","Bosnien und Herzegowina",33909823,24858172,9051651,28.32
"St. Naas 1922",Irland,13463720,4430101,9033619,27.73
"Vestfold Sandjeford",Norwegen,35324593,26296008,9028585,26.23
"Preußen Schweinfurt",Deutschland,27739652,18735556,9004096,26.45
"Aftokínito Xanthi",Griechenland,15611088,6612860,8998228,27.32
"Jedi Belfast",Nordirland,58866539,49885969,8980570,27.68
"Corse Bastia",Frankreich,29460698,20483786,8976912,26.58
"KV Nazran 92",Russland,18641063,9675491,8965572,27.50
"Gateshead Rovers",England,19274499,10320131,8954368,26.45
"TB Overijse 76",Belgien,15371484,6430047,8941437,26.95
"BSC Grohn",Deutschland,13076161,4136797,8939364,27.30
"Anjel Trnava",Slowakei,28294304,19381169,8913135,26.73
"Sportowy Krasnodar",Russland,12957643,4044582,8913061,27.27
"Ussi Yerevan",Armenien,16823491,7919029,8904462,27.55
"FKS Kołobrzeg",Polen,15417640,6519297,8898343,26.82
"ED Dender Hekelgem",Belgien,26978898,18082508,8896390,28.05
Giazantepspur,Türkei,17837871,8972743,8865128,26.67
"SSC Heimstetten",Deutschland,44633603,35775434,8858169,27.96
"Sankt Brest FK",Weißrussland,23425357,14586137,8839220,27.45
"Temse Sport",Belgien,13830498,4998938,8831560,26.64
"SBK Kaliningrad",Russland,27279167,18495963,8783204,29.36
"FK Limassol",Zypern,48946581,40165233,8781348,28.35
"Starua București",Rumänien,27719815,18945652,8774163,27.68
"RPFV Worms",Deutschland,25883176,17109748,8773428,25.91
"AC Parma",Italien,16811046,8040973,8770073,26.96
"Corby Athletic",England,14202807,5441004,8761803,26.73
"Sportivo Trapani",Italien,37184180,28432484,8751696,26.50
"Farak Grosny",Russland,18512224,9779050,8733174,26.30
"Atletico Pistoiese",Italien,31997818,23276990,8720828,26.45
"Jadera Zadar",Kroatien,16798622,8078548,8720074,27.77
"SWK Bregenz",Österreich,18003531,9355093,8648438,27.50
"Uyum Adana",Türkei,15757633,7116298,8641335,26.41
"Barnsley UK",England,21166442,12542749,8623693,26.91
"Maidenhead Doves",England,29499990,20892839,8607151,25.95
"Blau-Schwarz Mannheim",Deutschland,54816585,46223387,8593198,25.96
"VS Angyal Budapest",Ungarn,17245652,8657236,8588416,28.45
"BW Sandhausen",Deutschland,14019147,5432000,8587147,24.14
"Aigionikos FC",Griechenland,18039698,9469983,8569715,27.45
"Berwick Rovers",Schottland,14634001,6071203,8562798,27.73
"CS Algeciras",Spanien,16043594,7486071,8557523,28.00
"Sonnenhof Schönberg",Deutschland,15141551,6588150,8553401,27.82
"Káma Naberezhnye",Russland,28257907,19709441,8548466,26.77
"ES Boiro",Spanien,13920555,5379244,8541311,27.45
"Scezny Pruszków",Polen,19511273,10990859,8520414,26.39
"WF Gullegem",Belgien,14191781,5690220,8501561,27.86
"DC Drumcondra",Irland,17278801,8789932,8488869,27.41
"Pats Dublin CF",Irland,44974817,36512264,8462553,27.32
"Academica Cluj",Rumänien,12852108,4390686,8461422,29.09
"Oranje Emmen",Niederlande,13705769,5264838,8440931,29.23
"Korčula Blato",Kroatien,18088354,9678263,8410091,26.05
"Sterk Kristiansand",Norwegen,18639916,10233518,8406398,27.68
"Esportivo Logro̱̩s",Spanien,68756361,60363307,8393054,28.88
"Young Boys Zürich",Schweiz,16971990,8579458,8392532,26.39
"Soria CF",Spanien,15195761,6828345,8367416,26.77
"SV Kalsdorf",Österreich,48885849,40538800,8347049,27.23
"FC Boşakşehir",Türkei,12213924,3872992,8340932,27.32
"Victoria Hartlepool",England,41099832,32766802,8333030,28.00
"FK Cham",Schweiz,60110061,51789647,8320414,27.45
"SSC Leeuwarden",Niederlande,15501250,7200167,8301083,26.09
"Dynamit Tiraspol",Moldawien,18585441,10285159,8300282,27.64
"Inter Wexford",Irland,48225681,39955702,8269979,26.55
"SG Gurten",Österreich,18323466,10071291,8252175,28.05
"Mannsdorfer FC",Österreich,16559431,8316127,8243304,27.64
"Boston Nomads",England,12234224,3992954,8241270,26.27
"FC Cluj",Rumänien,30231511,22009147,8222364,27.23
"SK Kongsvinger 1893",Norwegen,14839550,6624037,8215513,26.00
"Pallok Vantaa",Finnland,23994117,15783869,8210248,28.50
"Royal Jaén",Spanien,15605457,7399953,8205504,27.09
"Ashton Sports",England,12107566,3924116,8183450,26.32
"Sçaykor Rize",Türkei,34170412,25988077,8182335,28.61
"Olympia Berlin",Deutschland,130073591,121915634,8157957,21.67
"KF Olsztyn",Polen,20647016,12518307,8128709,27.91
"Voort Deventer",Niederlande,15068403,6946357,8122046,27.35
"Sporting Boavista",Portugal,13687066,5591684,8095382,27.73
"KEC Emmen",Niederlande,32033767,23949772,8083995,28.00
"FK Groesbeek 29",Niederlande,18209168,10125651,8083517,27.55
"Genua Calcio",Italien,12672496,4592557,8079939,26.59
"FC Kristianstad",Schweden,22056026,13983207,8072819,27.50
Mersinspor,Türkei,12658132,4598430,8059702,27.73
"VfL Altenholz",Deutschland,21538047,13484719,8053328,27.73
"Concordie Constanța",Rumänien,48333651,40288088,8045563,27.04
"Brackley Stars",England,13568605,5535176,8033429,27.23
"FK Kissamikos",Griechenland,38392232,30381329,8010903,27.86
"FK Ioannina",Griechenland,59921639,51914429,8007210,25.25
"Sheffield Swords ",England,19213893,11209293,8004600,25.91
"Depor Mieres",Spanien,12880149,4926926,7953223,28.68
"Racing Requena",Spanien,14786669,6846047,7940622,26.91
"BPS Landskrona",Schweden,20146011,12208003,7938008,28.22
"Chevrokry Głogów",Polen,37571807,29650996,7920811,28.50
"Westfalia Gütersloh",Deutschland,13068089,5152476,7915613,26.36
"Signdal FK",Norwegen,31292669,23380033,7912636,25.23
"AC Isola Ischia",Italien,13614513,5727801,7886712,27.14
"Pallasaarja Oulu",Finnland,14647254,6832515,7814739,26.24
"Valby BK",Dänemark,16650703,8837033,7813670,27.32
"Olipcza Zambrów",Polen,13663170,5853246,7809924,26.36
"PL Atletica Crema",Italien,11634753,3825340,7809413,27.48
"Mellica Novokuznetsk",Russland,14085669,6276429,7809240,26.86
"AFC Aberystwyth",Wales,19938113,12143155,7794958,26.83
"Royal Londerzeel",Belgien,12397912,4614510,7783402,28.27
"CR Krapina",Kroatien,23991101,16207701,7783400,27.45
"USC Allerheiligen",Österreich,16993962,9211062,7782900,28.32
"Hansa Sudelbe",Deutschland,18987046,11225417,7761629,27.73
"SG Savona 1902",Italien,15571739,7837063,7734676,27.68
"Ferriby Fighter",England,20886641,13153417,7733224,28.39
"Germania Pohlheim",Deutschland,11517491,3792976,7724515,25.87
"RO Russe",Bulgarien,39287094,31579508,7707586,26.77
"Mesta Bansko KF",Bulgarien,31504688,23798692,7705996,27.17
"Spartak Afipsky",Russland,13912038,6217421,7694617,27.05
"Uni Murcia",Spanien,12105346,4410874,7694472,27.50
"AAC Coimbra",Portugal,14252742,6560895,7691847,27.36
"NES Famagusta",Zypern,32296384,24606092,7690292,27.77
"FV Badalona",Spanien,23721427,16037085,7684342,28.14
"SSC Rumelange",Luxemburg,14868531,7185275,7683256,28.27
"SC Pontedera",Italien,13471092,5797311,7673781,26.77
"Dalmatia Solin",Kroatien,26254764,18586541,7668223,27.22
"Muntenia Călărași",Rumänien,33243103,25592856,7650247,26.87
"Stranraer FV",Schottland,12145328,4496769,7648559,29.05
"FK Guingamp",Frankreich,21888275,14246764,7641511,27.14
"Tolmin CF",Slowenien,12758021,5154292,7603729,28.59
"Rot-Blau Bonn",Deutschland,22750178,15150847,7599331,27.87
"Adler Sprockhövel",Deutschland,12047484,4458581,7588903,28.14
"FK Nizhny",Russland,18300996,10731863,7569133,28.23
"Rapide Lens",Frankreich,17333953,9777612,7556341,27.50
"Nottingham Soccer",England,13115231,5560168,7555063,27.73
"Vendée Les Herbiers",Frankreich,19633677,12079736,7553941,27.05
"Peterhead United",Schottland,37608172,30063559,7544613,26.00
"Ostia Roma",Italien,11974018,4439968,7534050,28.27
"Weisheł Płock",Polen,72003806,64478668,7525138,27.30
"TSV Kitzbühel",Österreich,14993750,7468994,7524756,27.59
"Sportska Gabela","Bosnien und Herzegowina",14869578,7346428,7523150,27.14
"Alsace Mulhouse",Frankreich,14903140,7385968,7517172,28.89
"Glovester Town",England,10961826,3444936,7516890,27.23
"Saransk CF",Russland,12979388,5468371,7511017,28.32
"Gimnastico Astorga",Spanien,31021685,23523712,7497973,26.73
"AF Créteil-Lusitanos",Frankreich,12763355,5274479,7488876,26.86
"Fortuna Heidenheim",Deutschland,15732566,8277171,7455395,27.55
"FK Vrapče 76",Kroatien,12514171,5062572,7451599,27.68
"KFB Gaziantep",Türkei,23315939,15875208,7440731,27.55
"FKPG St. Johann ",Österreich,23229514,15791346,7438168,28.50
"WFC Erkenschwick",Deutschland,11324482,3896422,7428060,26.05
"SC Stadl-Paura",Österreich,11916470,4501404,7415066,27.36
"RCD Ejea",Spanien,13292718,5880190,7412528,26.45
"RSE Winkel",Belgien,20377674,12978058,7399616,27.18
"Zhim Tomsk",Russland,26675763,19288032,7387731,26.52
"SK Victoria St. Pölten",Österreich,11900871,4517716,7383155,28.82
"Tipperary Soccer",Irland,11241378,3860569,7380809,26.95
"Sportowy Khimki",Russland,33446548,26080999,7365549,26.86
"Galicia Lugo",Spanien,26779959,19426523,7353436,27.41
"NK Prijedor","Bosnien und Herzegowina",11573455,4226830,7346625,27.64
"IFF Sterbæk",Norwegen,81670813,74328619,7342194,22.18
"SSV Cartagena",Spanien,30924074,23594179,7329895,26.64
"Rayo Pozoblanco",Spanien,16912171,9583367,7328804,26.64
"PAS Dunaújváros",Ungarn,11722538,4404427,7318111,27.14
"Unión Azuqueca",Spanien,15452052,8142574,7309478,27.55
"Union Rosenheim",Deutschland,16816043,9517251,7298792,26.23
"Unión Villanovense",Spanien,11453523,4156774,7296749,26.23
"FC Euskirchen 1968",Deutschland,11553767,4271912,7281855,25.91
"CS St. Maria de Feira",Portugal,13651809,6370617,7281192,27.91
"Coleraine United",Nordirland,16056909,8788074,7268835,28.14
"Lomb Lumezzane",Italien,39753904,32486880,7267024,26.35
"Atletico Taranto",Italien,11989198,4725721,7263477,26.68
"Burnley Clarets",England,10935143,3675029,7260114,26.86
"FC Quintanapalla",Spanien,15046368,7786554,7259814,27.22
"Pullacher SC",Deutschland,11259848,4028717,7231131,26.27
"FK Gävle",Schweden,14284676,7055426,7229250,26.50
"Airdrie United",Schottland,26755753,19546162,7209591,27.95
"Rasensport Herkenrath",Deutschland,11259836,4051096,7208740,26.77
"SSC Cremona",Italien,32294374,25088954,7205420,26.43
"Fulham United",England,12451635,5249738,7201897,27.23
"AK Wallern",Österreich,12070965,4869492,7201473,26.50
"Primorje Vladivostok",Russland,76947490,69766675,7180815,27.09
"SpVgg Lotte",Deutschland,12037133,4877284,7159849,27.55
"Cambridge Town",England,13102267,5946493,7155774,26.95
"Futuro Ciserano",Italien,11356195,4200825,7155370,28.00
"FK Samobor",Kroatien,16070985,8923238,7147747,27.00
"SK Yuzhno",Russland,11634299,4527753,7106546,28.59
"Gazovski Lipetsk",Russland,27124683,20018843,7105840,26.75
"SC Cova de Piedade",Portugal,20731153,13626575,7104578,27.04
"FK Novo Mesto",Slowenien,14492105,7389166,7102939,26.32
Borsasport,Türkei,24549685,17453357,7096328,27.18
"AFC Tullamore",Irland,14125286,7044603,7080683,27.50
"Unio Fano 1907",Italien,20038132,12968515,7069617,26.95
"TSV Amberg 1985",Deutschland,11279681,4222714,7056967,28.05
"PV Stoke 1875",England,13007431,5959820,7047611,27.14
"Aluminium Aachen",Deutschland,11538024,4511848,7026176,27.41
"Sportiva Matelica",Italien,19534221,12509766,7024455,26.18
"CV Crotone",Italien,21404003,14379755,7024248,27.50
"RC Dingwall",Schottland,11255932,4235326,7020606,27.27
"AS Teruel",Spanien,12340143,5320912,7019231,25.32
"Inter Kajaani",Finnland,11371615,4353173,7018442,27.73
"GV Barcelos",Portugal,11378284,4360746,7017538,28.64
"TAK Freialdenhoven",Deutschland,28547047,21554217,6992830,27.73
"Manchester Revolution",England,48849577,41858618,6990959,26.64
"Preußen Neumünster",Deutschland,11539649,4553713,6985936,27.59
"GSV Barsinghausen",Deutschland,12822130,5848949,6973181,25.95
"Olympia Lyon",Frankreich,48688208,41735575,6952633,25.95
"SS Carrara",Italien,36104409,29153626,6950783,27.09
"SFC Torino",Italien,34773085,27840629,6932456,26.36
"Zhetsyu Qaraghandy",Kasachstan,21195397,14263684,6931713,27.73
"CD Urduliz",Spanien,11181130,4256909,6924221,27.50
"WBV Reutlingen",Deutschland,10749151,3833273,6915878,27.32
"FA Prat",Spanien,12486067,5573107,6912960,28.36
"Salappa Pori",Finnland,10329370,3421303,6908067,26.09
"Jeanette Esch",Luxemburg,24022590,17117388,6905202,27.91
"Pinerolo Calcio",Italien,13423867,6560936,6862931,29.09
"Loktàk Králové",Tschechien,25443879,18584436,6859443,28.36
"SHFV Todesfelde",Deutschland,10673030,3830059,6842971,27.14
"Arsenal Horsens",Dänemark,12436014,5622366,6813648,28.36
"OL Grudziądz",Polen,34701803,27899714,6802089,29.09
"Blau-Gelb Jena",Deutschland,17263266,10461242,6802024,27.64
"ES Alcoy",Spanien,60066565,53275345,6791220,27.30
Kacabuksport,Türkei,22545966,15760005,6785961,25.45
"Italia Brugnera",Italien,10900829,4118115,6782714,28.50
"Herakles Thessaloniki ",Griechenland,26869939,20102070,6767869,26.95
"ZKU Jekaterinburg",Russland,27361942,20600606,6761336,21.56
"Karpaky Wola",Polen,28902052,22161525,6740527,27.59
"CR Lučko",Kroatien,12190895,5471469,6719426,28.95
"Vonat Debrecen",Ungarn,104119703,97400556,6719147,28.04
"FV Kaunas",Litauen,27226640,20513012,6713628,27.91
"Coventry Town",England,10801686,4092952,6708734,27.68
"KSA Siedlce",Polen,29029636,22328452,6701184,27.22
"Rot-Weiß Regensburg",Deutschland,13816484,7131902,6684582,27.14
"VFC Zlaté Moravce",Slowakei,278376780,271714173,6662607,27.55
"FC St. Hardenberg ",Niederlande,12934009,6272555,6661454,26.96
"Cercedense CF",Spanien,20974742,14313304,6661438,27.18
"Union Stadlau",Österreich,20610791,13959941,6650850,28.32
"Dynamit Budějovice",Tschechien,12196669,5570977,6625692,28.32
"Aero Kharkiv",Ukraine,25006326,18394324,6612002,29.50
"Olympique Lausanne",Schweiz,10816283,4214070,6602213,28.82
"Atletiek Westerlo",Belgien,28730389,22168866,6561523,27.14
"FKV Huddinge",Schweden,31413333,24858441,6554892,27.26
"Unionò Belluno",Italien,15735003,9182645,6552358,28.82
"Axalupa Rom",Italien,40281225,33729966,6551259,28.05
"AFC Netanya",Israel,24204858,17680359,6524499,28.59
"Marche Verona",Italien,12644426,6120992,6523434,27.27
"Sportinho Lissabon",Portugal,56511024,50017866,6493158,28.45
"Cherkasy FC",Ukraine,28091489,21609225,6482264,26.59
"NOS Goražde","Bosnien und Herzegowina",39773053,33295228,6477825,28.21
"Istria Novigrad",Kroatien,15601279,9137541,6463738,27.09
"Grafiká Vlašim CF ",Tschechien,11709558,5255147,6454411,28.36
"KOF Oslo",Norwegen,27740161,21300809,6439352,26.35
"KF Tărlungeni",Rumänien,33706083,27276762,6429321,27.91
"AFK Kapan",Armenien,29342492,22916936,6425556,27.87
"TuS Ulm 1853",Deutschland,14538426,8114214,6424212,27.26
"SAV Sandersdorf",Deutschland,9857734,3434312,6423422,27.27
"Iän Åtvidaberg",Schweden,13091523,6672338,6419185,25.82
"Blackburn Roses",England,11605862,5198221,6407641,26.23
"TSK Hartberg",Österreich,13008717,6603811,6404906,27.41
"Dithmarschen Heid",Deutschland,10361240,3957865,6403375,27.64
Menemensport,Türkei,10846963,4456413,6390550,28.50
"1. FFC Simmering",Österreich,12000497,5620024,6380473,28.14
"Grimsby Cleethes",England,27997716,21628390,6369326,26.73
"Viitor Râmnicu Vâlcea",Rumänien,22362188,15995409,6366779,27.45
"Eintracht Offenbach",Deutschland,10703493,4345171,6358322,26.95
"Uni Søborg",Dänemark,15992710,9635315,6357395,26.91
Geşümehanospor,Türkei,26182540,19841783,6340757,26.64
"FK Tychy 1970",Polen,10783835,4460451,6323384,27.32
"Sternas Tripolis",Griechenland,10874354,4560905,6313449,27.86
"SSV Halberstadt 98",Deutschland,12208751,5903298,6305453,26.91
"Wycombe Sportsmen",England,10171231,3867899,6303332,26.45
"FC Panda Târgu Jiu",Rumänien,35113488,28823976,6289512,27.27
"SC Bad Treibach",Österreich,13075885,6787321,6288564,27.36
"Sibir Irkutsk",Russland,11583391,5299201,6284190,28.32
"KVC Tubize 55",Belgien,28213375,21935147,6278228,28.63
"CP Escola Lisboa",Portugal,17989168,11712676,6276492,28.00
"HFC Rhynern",Deutschland,10153701,3904894,6248807,24.82
Sumsünspor,Türkei,12241829,6004200,6237629,27.14
"FK Koprivnica",Kroatien,22670008,16440164,6229844,27.09
"Dinamit Barnaul",Russland,11573466,5350857,6222609,27.00
"Intra Baku",Aserbaidschan,22895374,16690992,6204382,27.09
"Intra Pordenone",Italien,60021185,53819398,6201787,27.27
"Sesvete Zagreb",Kroatien,31112729,24911753,6200976,27.45
"TuS Meerbusch 65",Deutschland,19432530,13232766,6199764,27.86
"FK Birkirkara 1952",Malta,47244331,41055286,6189045,28.09
"SC Nero Fratta",Italien,10271053,4091586,6179467,28.95
"Schwarz-Weiß Aalen",Deutschland,10298407,4119941,6178466,26.23
"Alliance Bradford",England,10434118,4268025,6166093,26.41
"SFC Ravensburg",Deutschland,19689298,13544500,6144798,26.73
"KS Mamur",Albanien,16064645,9926015,6138630,28.23
"VfL Saar 1925",Deutschland,9791243,3657145,6134098,26.05
"Norté Fafa",Portugal,51640027,45530356,6109671,27.83
"Club Mestre Venezia",Italien,15361544,9253490,6108054,27.27
"Newcastle Union",England,30272369,24177308,6095061,27.36
"Hammer BSV",Deutschland,10662672,4592921,6069751,27.00
"CF Forfar",Schottland,11085316,5040380,6044936,27.82
"Fegyvertár Gyirmót",Ungarn,13489258,7445508,6043750,27.55
"Red Devils CF",Gibraltar,22581680,16543707,6037973,27.59
"Eastbourne Union",England,10004033,4003122,6000911,27.41
"Dalälven Borlänge",Schweden,24008045,18020246,5987799,26.91
"US Lepe",Spanien,16071638,10091691,5979947,27.14
"Uniune Orhei",Moldawien,14197240,8229434,5967806,26.43
"Naardvo NK",Norwegen,10371717,4405356,5966361,27.36
"Inter Olbia",Italien,11809519,5844508,5965011,27.23
"SK Austria Ferlach",Österreich,20446764,14486240,5960524,27.45
"Torna Budaörs",Ungarn,25916817,19961092,5955725,27.86
"Dinamo Hrvace",Kroatien,11677283,5722254,5955029,28.55
"SK Elverum",Norwegen,24924314,18986364,5937950,27.46
"Fortuna Essen",Deutschland,11465110,5531518,5933592,26.77
Karşıyakspor,Türkei,28838922,22918169,5920753,27.00
"US Fermo 1919",Italien,10265936,4349365,5916571,27.05
"Hocruxo Vigo",Spanien,13038686,7125466,5913220,27.91
"Oabla Koper",Slowenien,35614302,29704326,5909976,28.73
"Sempedoria Genua",Italien,17970698,12072023,5898675,27.04
"AS Boulonnais",Frankreich,19363301,13498183,5865118,27.45
"FC Florell",Estland,12882352,7018969,5863383,27.50
"Toscana Pisa",Italien,10750592,4889356,5861236,26.77
"Unio Gozzano 1925",Italien,12213655,6360419,5853236,28.55
"ZK Gdynia",Polen,10039104,4203015,5836089,28.05
"Union Garching",Deutschland,12826494,7030939,5795555,26.27
"SK Békéscsaba 1913",Ungarn,16598315,10802849,5795466,27.09
"Union Drochtersen",Deutschland,29285802,23494635,5791167,27.14
"Shrewsbury United",England,9438529,3648740,5789789,28.68
"Basingstoke Superior",England,9687387,3929882,5757505,27.14
"Elgin Atletic",Schottland,10865821,5112814,5753007,26.59
"Union Aplerbeck",Deutschland,31853499,26114725,5738774,27.86
"Longford City",Irland,34085078,28346574,5738504,27.32
"Uniona Matera",Italien,15937024,10200224,5736800,27.27
"Alfreton Derbyshire",England,9298613,3565586,5733027,26.50
"Super Weston CF",England,15268718,9539511,5729207,27.18
"SF Getafe",Spanien,51526677,45799466,5727211,27.86
"Ballybofey FC",Irland,9995500,4280330,5715170,27.68
"SSC Bournemouth 1902",England,10733668,5021091,5712577,26.41
"ZA Ebro",Spanien,9671654,3963291,5708363,26.77
"Olimpico Serravalle",Italien,9906716,4213780,5692936,26.55
"Nailsworth FC",England,9483045,3792465,5690580,26.18
"Union Valletta",Malta,17103335,11413015,5690320,28.45
"AS Chico Redondela",Spanien,11189733,5517584,5672149,26.59
"WFK Paderborn",Deutschland,11154680,5489247,5665433,27.77
"FKA Wacker Mödling",Österreich,38639454,32984398,5655056,26.23
"Unirea Brăila",Rumänien,86327660,80681939,5645721,27.68
"Accrington Albion",England,32336672,26767961,5568711,26.68
"FK Nijmegen 1900",Niederlande,58781995,53214354,5567641,27.77
"Cheznó Tarnobrzeg",Polen,11257407,5708309,5549098,27.05
"ASK Völkermarkt",Österreich,9705109,4160482,5544627,26.64
"Trøndelag Levanger",Norwegen,12010827,6466871,5543956,27.27
"Urheilu Ekenäs",Finnland,22681815,17148534,5533281,27.45
"Sportiva Liventina",Italien,9882544,4351375,5531169,27.82
"FV Austrien Salzburg",Österreich,239670694,234144254,5526440,23.00
"HFV Wiesbaden",Deutschland,8743930,3218520,5525410,26.64
"Dartford City",England,11082114,5557795,5524319,27.95
"UD Portugalete",Spanien,18509733,12990171,5519562,27.18
"Pohjanmaa Seinäjocki",Finnland,29270720,23762480,5508240,25.30
"RSD Santander",Spanien,9647649,4149800,5497849,26.41
"Sportowy Tosno",Russland,47807195,42312844,5494351,27.41
"Union Schilksee",Deutschland,17494986,12005101,5489885,27.57
"Merseyside Birk",England,9442187,3964435,5477752,26.00
"SC Moreira de Cónegos",Portugal,11715490,6241193,5474297,28.18
"US Høddvik",Norwegen,10939879,5466039,5473840,26.32
"Maidstone Champs",England,9819397,4347697,5471700,27.05
"Havant Princes",England,9521388,4057116,5464272,27.23
"FK Ajaccio",Frankreich,22470442,17006704,5463738,26.86
"VfL Arnoldsweiler",Deutschland,9485153,4034801,5450352,26.73
"Juventus Bern",Schweiz,64999204,59553778,5445426,26.87
"FV Aranda de Duero",Spanien,13802148,8357150,5444998,27.23
"Oudenaarde SC",Belgien,35072712,29634544,5438168,28.77
"NFV Lüneburg",Deutschland,9252587,3816330,5436257,27.77
"Bulgaria Panagyurishte",Bulgarien,19654019,14225171,5428848,28.18
"JS Jako Pietarsaari",Finnland,17769219,12344085,5425134,28.50
"Almad Diyarbakır ",Türkei,10457137,5049496,5407641,27.68
"Real Mouscron",Belgien,10156307,4753251,5403056,28.50
"PP Tigrotti Arsizio",Italien,38676204,33309398,5366806,27.87
"SpVgg Kassel",Deutschland,10364186,5010927,5353259,28.91
"ASS Nardò",Italien,10011596,4665194,5346402,28.09
"AS Wasquehal",Frankreich,23037759,17692844,5344915,26.86
"Chorne Odessa",Ukraine,12574812,7230797,5344015,27.00
"Whitestreaks Notts",England,9593561,4256509,5337052,27.00
"FKS Rochdale",England,9398893,4061983,5336910,26.09
"MVV Neustrelitz",Deutschland,18023885,12701355,5322530,27.86
"FV Trabzonhir",Türkei,47645823,42323973,5321850,26.82
"FK VäxjÖ 1931",Schweden,40806893,35490197,5316696,27.74
"Virtus Montecatini",Italien,12342084,7027664,5314420,28.68
"Atletiek Aalst",Belgien,10438332,5128492,5309840,27.73
"ZA Dniprodzerzhynsk",Ukraine,10048383,4740359,5308024,28.14
"VfB Rain 1898",Deutschland,9982758,4676061,5306697,26.82
"Druja Pakruojis",Litauen,25454778,20153801,5300977,27.78
"Royal Lier",Belgien,24500681,19213729,5286952,27.70
"Fiatalok Felcsút AC",Ungarn,18165267,12883684,5281583,26.27
"MS Akhisar",Türkei,16742360,11467265,5275095,27.50
"Wehener SC",Deutschland,10427054,5158006,5269048,27.41
"KON Maassluis",Niederlande,10590975,5330683,5260292,26.86
"Niedercorn PG",Luxemburg,88107228,82850637,5256591,25.70
"CA Girona",Spanien,56841247,51594547,5246700,26.70
"SE Melilla",Spanien,13257996,8013526,5244470,27.82
"SSC Leffe-Albino",Italien,17333315,12106450,5226865,25.65
"Lanesra Tula",Russland,29369191,24151742,5217449,28.45
"VfB Achern",Deutschland,9261108,4051745,5209363,26.05
"CBA Laredo",Spanien,10204441,5010104,5194337,27.91
"Osman Ankara",Türkei,66527677,61352632,5175045,26.82
"Unión Praia",Portugal,9112891,3938028,5174863,29.09
"TSV Zell am See",Österreich,22513730,17353539,5160191,26.95
"KF Pojorâta 2012",Rumänien,13137871,7984546,5153325,27.86
"Margates Owls",England,9341842,4191588,5150254,26.91
"Ilfov Chiajna",Rumänien,39113204,33989124,5124080,29.59
"SC Vooruit Boom",Belgien,10445572,5341862,5103710,26.86
"Sportfreunde VK Köln",Deutschland,9371718,4274309,5097409,27.23
"PSV Tampere",Finnland,10062103,4965672,5096431,28.68
"SSC Pirmasens",Deutschland,11260257,6166122,5094135,26.48
"SSK Lankowitz",Österreich,69566847,64487129,5079718,29.14
"OB Kiew",Ukraine,9693890,4617855,5076035,28.32
"AFK Eberau",Österreich,17611521,12548705,5062816,27.65
"EF Lleida",Spanien,19861464,14802206,5059258,26.79
"SSK Halmstad",Schweden,10101191,5042159,5059032,26.95
"BO Norrby",Schweden,16825848,11770031,5055817,27.82
"Mazow Radom",Polen,25736661,20681742,5054919,27.86
"Sportivo Bilbao",Spanien,33379822,28332710,5047112,27.00
"Blau-Rot Hollenbach",Deutschland,9266859,4226358,5040501,25.82
"Grödiger SC",Österreich,9527085,4491988,5035097,28.59
"Juventude Sines",Portugal,9749676,4718902,5030774,29.00
"AW Berchem",Belgien,9150959,4132405,5018554,26.05
"Rupida București",Rumänien,31998955,26980632,5018323,27.23
"FC Galway",Irland,44554453,39538464,5015989,28.14
"Dundee FK",Schottland,123817203,118812144,5005059,27.30
"FC Varese",Italien,9169040,4166991,5002049,28.14
"HuFC Düsseldorf",Deutschland,11094727,6093669,5001058,28.95
"ICE Zagreb",Kroatien,71280631,66287946,4992685,28.09
"FC Kalte",Estland,20807727,15815153,4992574,27.91
"Tortona Calcio",Italien,8821071,3836448,4984623,27.36
"FC Helsingstars",Finnland,45130176,40152570,4977606,29.64
"Mencza Brzesko",Polen,8934921,3991652,4943269,27.77
"IFK Oskarshamn",Schweden,9008677,4070691,4937986,28.18
"Preußen Lübeck",Deutschland,10248499,5316647,4931852,27.27
"SC Starkstrom Wien",Österreich,30589909,25668909,4921000,27.45
"Juventus Prato",Italien,34566199,29660851,4905348,28.57
"Montrose City",Schottland,9890189,4986391,4903798,27.05
"SK Haderslev",Dänemark,10658336,5757985,4900351,27.00
"Pomorskie Bytów",Polen,8895715,3997247,4898468,27.77
"RNK Walldorf",Deutschland,8635100,3737022,4898078,27.91
"Eintracht Fürstenwalde",Deutschland,8762159,3866077,4896082,28.18
"ES Zamora",Spanien,8848142,3960744,4887398,27.00
"CV Pontevedra",Spanien,8828219,3946391,4881828,28.32
"UDL Lorca",Spanien,8963621,4084820,4878801,26.59
"Zehlendorfer SC",Deutschland,8776133,3897502,4878631,27.27
"FK Rio do Conde",Portugal,82924952,78053147,4871805,27.36
"CA Tuttocodio",Italien,40070604,35231275,4839329,27.38
"SSV Sonthofen",Deutschland,8618104,3780183,4837921,26.05
"Slavia Domžale",Slowenien,49262917,44445475,4817442,26.18
"Juvento Viterbo",Italien,9104798,4304455,4800343,27.68
"Sportivo Sabadell",Spanien,35141247,30347276,4793971,27.91
"Annan SC",Schottland,10647928,5857377,4790551,27.77
"Cappellen Town",Belgien,9765726,4985738,4779988,27.23
"SKK Illertissen",Deutschland,16028126,11256621,4771505,26.86
"Sportis Blumenthal",Deutschland,8621374,3851743,4769631,28.86
"FV Bari",Italien,56942027,52177789,4764238,28.36
"Atlético Montañesa",Spanien,8695245,3931151,4764094,28.41
"AFK Karbach",Deutschland,8647909,3892543,4755366,26.82
"Rayo Yeclano",Spanien,8990773,4236103,4754670,28.05
"Academy Bristol",England,10751049,6004308,4746741,27.50
"AS Dounes",Lettland,22380850,17650454,4730396,27.05
"FSI Novosibirsk",Russland,28374696,23649245,4725451,28.41
"Sicilia Siracusa",Italien,8897098,4179885,4717213,26.41
"Sportowy Sosnowiec",Polen,69925345,65213025,4712320,28.39
"Maccabi SC TA",Israel,30112721,25403544,4709177,27.05
"Partizan 1945 FK",Serbien,33395058,28697799,4697259,27.14
"Isla Krk",Kroatien,11839062,7169858,4669204,28.86
"Sportivo Frosinone",Italien,8677089,4025181,4651908,25.87
"FC Piteå",Schweden,8591530,3941184,4650346,28.50
"FK Stadtallendorf 1923",Deutschland,8640675,3993073,4647602,24.67
"BSK Odd",Norwegen,8864806,4218928,4645878,27.55
"ZSK Omsk",Russland,35067940,30425430,4642510,27.00
"Thessaly Trikala",Griechenland,18624864,13992034,4632830,27.04
"Opolskie Kluczbork",Polen,16571579,11939388,4632191,27.09
"FC Alcantara 1943",Portugal,8819419,4201637,4617782,27.18
"WFV Ahlen",Deutschland,8733461,4119996,4613465,27.55
"Dmino Stavropol",Russland,10036571,5432881,4603690,27.95
Tüçlaspocht,Türkei,9144793,4541209,4603584,27.18
"Canarias Santa Cruz",Spanien,18153272,13553024,4600248,28.64
"CCV Rovigo",Italien,8367424,3773517,4593907,27.18
"ZG Rudeš 55",Kroatien,8837332,4246426,4590906,27.05
"FSK Bergheim",Österreich,8671530,4096616,4574914,28.55
"Tosca Lucchese",Italien,28116370,23554131,4562239,26.91
"US Sochaux",Frankreich,10014656,5482823,4531833,27.82
"Fortemente Vibo",Italien,8882582,4355270,4527312,26.18
"FC Katwijk",Niederlande,8091001,3568135,4522866,29.14
"Extrema Almendralejo",Spanien,9163059,4645754,4517305,26.18
"ASCS San Severo",Italien,8964056,4457539,4506517,27.09
"Lazio Albano",Italien,8986180,4499063,4487117,28.14
"Uniøn Bryne",Norwegen,12290925,7815572,4475353,28.73
"FSC Neumarkt a.W.",Österreich,16553925,12083457,4470468,26.23
"Rhône Chasselay",Frankreich,23755193,19298547,4456646,27.83
"Army Fleetwood",England,10487224,6039412,4447812,25.59
"Doncaster Knights",England,9341136,4898857,4442279,25.73
"Eendracht Tiel",Niederlande,8859166,4439489,4419677,26.18
"Augsburger SV",Deutschland,9100525,4708510,4392015,26.82
"Ginnastica Imola",Italien,9357407,4966231,4391176,27.55
"BFV Schöeineche",Deutschland,8273438,3884564,4388874,26.86
"FSK Salo",Finnland,8801448,4413935,4387513,28.59
"OL Grorud",Norwegen,13367382,8980950,4386432,26.86
"Welling Soccerstars",England,8493728,4113619,4380109,27.36
"Derby United",England,8142137,3769645,4372492,26.18
"JKB Mikkeli",Finnland,43336915,38965339,4371576,27.36
"Carlisle Athletic",England,8430761,4064699,4366062,26.95
"WSC Ruislip",England,8195526,3840073,4355453,26.32
"USD Mérida",Spanien,8367181,4012475,4354706,27.41
Peçzlikspocht,Türkei,9270534,4916756,4353778,27.91
"Union Neusiedl am See",Österreich,8559273,4206356,4352917,28.18
"Sport Umeå",Schweden,14192971,9869137,4323834,25.73
"TuS Bönningstedt",Deutschland,8163040,3841008,4322032,26.32
"VfL Hof",Deutschland,7889968,3573744,4316224,27.59
"Unione Spezia",Italien,37733841,33420615,4313226,29.45
"AC Agropoli 1925",Italien,8376637,4064428,4312209,27.73
"SS Vicentino Valdagno",Italien,8449864,4138106,4311758,27.68
"Dinamo Plovdiv",Bulgarien,18882547,14571673,4310874,28.86
"Union Neubrandenburg",Deutschland,8467790,4175327,4292463,27.82
"Napk Mykolaiv",Ukraine,31326337,27082388,4243949,27.23
"Sicilia Catania",Italien,21287781,17067483,4220298,26.68
"FC Miranda",Spanien,18231968,14024118,4207850,27.52
"FSC Setúbal",Portugal,79077592,74874018,4203574,28.87
"Fortuna Dassendorf",Deutschland,11721220,7560555,4160665,27.27
"ARAL Baku",Aserbaidschan,76610591,72459058,4151533,28.95
"Real Lloseta",Spanien,8360664,4231751,4128913,27.59
"SFC Grieskirchen",Österreich,7880337,3757935,4122402,27.77
"RSC Genéve",Schweiz,9160864,5045785,4115079,26.82
"Bolo Lavagnese",Italien,12484580,8388921,4095659,27.70
"WB Sterren",Belgien,19985111,15914857,4070254,27.09
"FC Næstved",Dänemark,23601097,19538420,4062677,27.59
"Sportivo Mancha Real",Spanien,7927619,3865512,4062107,27.86
"Sicilia Leonfortese",Italien,8185228,4128200,4057028,28.23
"QSFC Dumfries",Schottland,81829492,77773285,4056207,26.77
"CL Cosenza",Italien,30519034,26477941,4041093,28.32
"Unión Guadalajara",Spanien,12949915,8913661,4036254,28.50
"Reyocretivo Huelva",Spanien,16164845,12130505,4034340,26.68
Güresonsport,Türkei,9129583,5095987,4033596,27.55
"RW Meuselwitz",Deutschland,10952697,6945414,4007283,27.68
"SK Raab Lafnitz",Österreich,12075989,8071626,4004363,27.41
"Inter Senica",Slowakei,119419244,115424638,3994606,26.04
"AK Berlin 1917",Deutschland,8412236,4435841,3976395,26.86
"SPV Cursneuen",Deutschland,8102164,4133181,3968983,27.09
"Väsby Soccer",Schweden,210249704,206283879,3965825,25.43
"Tamworth Soccer",England,8019576,4067620,3951956,26.36
"Depor San Juan",Spanien,8201897,4253557,3948340,27.73
"Atlético Cuenca",Spanien,7951964,4004395,3947569,27.09
"SAT Velsen",Niederlande,9468092,5526223,3941869,27.18
"SL Béziers",Frankreich,51854842,47915112,3939730,28.00
"Tos Montemurlo 1956",Italien,7969771,4032376,3937395,26.41
"Harrogate Union",England,21047923,17114742,3933181,26.52
"Victoria Hürth",Deutschland,7798127,3878281,3919846,27.27
"Francavilla Calcio",Italien,8054655,4136128,3918527,27.82
"1. KV Třinec",Tschechien,9437483,5533487,3903996,28.45
"Ibarranense CF",Spanien,7890200,3988742,3901458,26.68
"Sportivo Fondi",Italien,8084148,4184122,3900026,27.23
"Ebreichsdorfer AK",Österreich,7906020,4029060,3876960,28.86
"Avernese Calcio",Italien,7640367,3775680,3864687,27.73
"SSC Montpellier",Frankreich,32324581,28465642,3858939,27.86
"Hayes Swords",England,8114277,4257475,3856802,26.55
"SOF Angers",Frankreich,12965827,9122564,3843263,27.43
"Creo Pomigliano",Italien,7511041,3688185,3822856,28.18
"Ethnikos Volos",Griechenland,10896210,7092595,3803615,27.36
"Union Reggio",Italien,7753813,3954207,3799606,27.68
"Chelyabinsk KV",Russland,9346787,5563767,3783020,28.64
"FF Veldhoven 1928",Niederlande,7952055,4170345,3781710,28.36
"Bær Sandvika",Norwegen,24159997,20380847,3779150,27.18
"USD San Giovanni",Italien,8468668,4706474,3762194,28.41
"Guiseley United",England,8071365,4314306,3757059,27.09
"FC Clermont-Ferrand",Frankreich,21896814,18149937,3746877,27.77
"SV Pasching",Österreich,30216679,26476150,3740529,29.68
"Baia Mare CF",Rumänien,48167644,44451249,3716395,28.04
"Unione Terni",Italien,27423190,23744718,3678472,28.68
"Ariana Limassol",Zypern,198612265,194958714,3653551,23.08
"Tuzi FV",Montenegro,15879646,12229064,3650582,27.23
"Athletic Athlone",Irland,7723877,4073305,3650572,27.00
"FK Olomouc",Tschechien,16673351,13027909,3645442,27.00
"Swindon County",England,7779151,4138389,3640762,25.83
"Lichtenberger SK",Deutschland,7535953,3898203,3637750,28.36
"Sportski Imotski",Kroatien,25883045,22251312,3631733,27.87
"AC Poggibonsi",Italien,7818116,4203968,3614148,26.68
"Veneto Noale",Italien,7616655,4007427,3609228,27.50
Balosport,Türkei,19117166,15518737,3598429,28.68
"VGI Uddevalla",Schweden,7519673,3922751,3596922,28.14
"Zavrč FK",Slowenien,31149895,27570423,3579472,28.32
"Konyaaltı Antalya",Türkei,48098191,44520578,3577613,26.50
"Hérakles Alicante",Spanien,36052127,32480606,3571521,28.55
"BF Galabovo",Bulgarien,10502257,6942102,3560155,26.59
"Crișana Arad",Rumänien,18660969,15114634,3546335,27.14
"CS Zamudio",Spanien,7362523,3822329,3540194,27.23
"ETSV Schonnebeck",Deutschland,7177962,3646842,3531120,26.57
"Entella Chiavari",Italien,7431023,3903617,3527406,26.55
"Wiener SC",Österreich,10022933,6500258,3522675,27.14
"Onore Castelfranco",Italien,7472472,3960199,3512273,27.86
"DSV Oberkassel",Deutschland,10914772,7403692,3511080,27.91
"HSV Kiel",Deutschland,7762787,4254412,3508375,27.86
"Viktoria Erndtebrück",Deutschland,7381272,3874000,3507272,27.45
"Mazowieckie Ząbki",Polen,36454996,32978806,3476190,27.43
"Brentford Bees",England,7032320,3568740,3463580,27.04
"Electric Aldershot",England,7262042,3801460,3460582,26.95
"Olimpico Zakynthos",Griechenland,10507072,7054786,3452286,26.82
"VfB Memmingen",Deutschland,7449947,4014160,3435787,27.05
"ACS Middlesbrough",England,39807637,36374911,3432726,28.35
"SSV Frankfurt 1897",Deutschland,7471070,4066091,3404979,26.77
"RSD Lucena",Spanien,17054152,13681299,3372853,28.18
"Kufsteiner SSC",Österreich,18623845,15260408,3363437,27.14
"FK Ried",Österreich,12388374,9034682,3353692,28.95
"Havelser SC",Deutschland,8450903,5101546,3349357,28.14
"Royal Irún",Spanien,7404211,4062013,3342198,26.68
"ACC Recanati",Italien,7555496,4230715,3324781,26.73
"Oldham City",England,52289014,48973276,3315738,28.41
"Santiago Somozas",Spanien,7215492,3906536,3308956,26.82
"Forrest Borehamwood",England,7131436,3822713,3308723,26.36
"TSV Berlin 1905",Deutschland,8319019,5028401,3290618,26.45
"Wallis Sion 08",Schweiz,82373589,79087725,3285864,27.78
"Uniòn Sassari",Italien,7145315,3871003,3274312,28.50
"UD Sagunto",Spanien,7103561,3849295,3254266,27.50
"Vlok Plovdiv",Bulgarien,50113812,46871885,3241927,27.86
"Krazla Ryazan",Russland,8516643,5299396,3217247,28.27
"AS Chișinău",Moldawien,29043387,25846687,3196700,27.00
"Altrincham Trafford",England,7005186,3809725,3195461,25.41
"Sunderland City",England,20147100,16951717,3195383,26.64
"Terme Monte",Italien,7206732,4014340,3192392,28.23
"Sportivo Burgos",Spanien,10626053,7443696,3182357,24.68
"FC Tiber",Italien,12500839,9318707,3182132,25.64
"Peterborough Elitists",England,6267205,3103095,3164110,26.36
"Fortuna Seelow",Deutschland,7513026,4360039,3152987,25.59
"Exeter County",England,7072969,3922298,3150671,27.14
"Cristallo Colle",Italien,7196967,4047475,3149492,26.95
"Hessen Lehnerz",Deutschland,6720342,3663079,3057263,27.50
"Eutiner FC 1918",Deutschland,7043846,3990269,3053577,27.23
"Športový Krásna",Slowakei,18176197,15126698,3049499,27.32
"Fortuna Hennef",Deutschland,6797046,3748310,3048736,26.91
"CV Atletico Mazzano",Italien,6448255,3439355,3008900,29.27
"Bala City",Wales,39153352,36148290,3005062,26.68
"Calcio Legnago",Italien,7092359,4096548,2995811,27.36
"Southend Athletics",England,7996735,5005978,2990757,27.14
"VfL Velbert",Deutschland,7031818,4054227,2977591,27.05
"Loja FC",Spanien,6845926,3869192,2976734,27.59
"Barrow Bees",England,6938907,3982722,2956185,26.45
"FK Schwaz",Österreich,30108229,27169947,2938282,28.45
"FC Newtown 76",Wales,38832832,35901767,2931065,27.35
"Atlético Torrelavega",Spanien,6312070,3398500,2913570,29.27
"Baden Bahlingen",Deutschland,6977562,4066361,2911201,26.14
"Eccellenza Jesina",Italien,6884102,3980913,2903189,26.50
"Colchester Albion",England,7129602,4234510,2895092,26.41
"SK Frýdek-Místek 1921",Tschechien,9317513,6457912,2859601,27.18
"Emilia Lentigione",Italien,7145379,4292320,2853059,26.55
"AS Mutilva",Spanien,6783674,3931387,2852287,27.59
"Arsenal Schodsina",Weißrussland,21954601,19113613,2840988,27.82
"FAK Voronezh",Russland,28013735,25184296,2829439,28.00
"RWB Windeck",Deutschland,6486282,3663074,2823208,26.22
"ASS Piacenza Foot",Italien,6534034,3713012,2821022,27.41
"AS Grumellesi",Italien,7171314,4383613,2787701,28.36
"RSD Segovia",Spanien,6785094,4008106,2776988,26.64
"KS Busu Velipojë",Albanien,76723581,73952759,2770822,29.41
"NFK Remchingen",Deutschland,8034041,5278832,2755209,27.41
"USS Torrecuso",Italien,6768642,4017265,2751377,27.05
"Emilia Bologna",Italien,16301061,13557687,2743374,27.00
"Inter Chiasso",Schweiz,39034258,36308292,2725966,27.50
"Alleanza Arzachena",Italien,6307470,3617776,2689694,27.59
"Spartak Izhevsk",Russland,23342903,20654367,2688536,27.73
"Yeovil Cherries",England,6645819,3976030,2669789,26.59
"LO Azpeitia",Spanien,6218567,3572923,2645644,27.82
"Alliance Køge ",Dänemark,9532327,6896692,2635635,27.05
"Stockport Hats",England,6450759,3819109,2631650,26.45
"St. Suðuroy 05",Färöer,34490817,31867789,2623028,28.68
"Chester United",England,6524309,3910652,2613657,26.30
"FC Logroño",Spanien,6675447,4088525,2586922,27.50
"VfR Seligenstadt",Deutschland,6183766,3600943,2582823,28.59
"Dynamit Berlin CF",Deutschland,17627442,15047354,2580088,27.41
"Coastguards Warton",England,6474696,3903799,2570897,28.05
"Dnepr Zaporizhya",Ukraine,14359002,11805028,2553974,28.45
"SG Kapellen 1931",Deutschland,6821170,4267893,2553277,26.27
"Rudar Dob SK",Slowenien,36797636,34245927,2551709,27.65
"Bath CA",England,6482762,3932315,2550447,26.95
"FC Deutschlandsberg",Österreich,20575217,18053192,2522025,28.50
"FVB Larnaka",Zypern,70995502,68474096,2521406,28.00
"Unión Vélez",Spanien,6387503,3866471,2521032,26.77
"Due Piraino",Italien,6427255,3907088,2520167,27.41
"Speertak Praha",Tschechien,68268948,65753577,2515371,29.41
"SA Tokat",Türkei,7208086,4696674,2511412,28.27
"UD Bermeo",Spanien,6293150,3787489,2505661,27.41
"Academica Bisceglie",Italien,6041514,3545859,2495655,28.82
"Intra Gorgonzola",Italien,6214229,3729375,2484854,27.45
"FSV Hildesheim",Deutschland,6313928,3829159,2484769,27.32
"Chaniakose FK",Griechenland,23669731,21201294,2468437,26.77
"Unión Calahorra",Spanien,6294668,3827209,2467459,26.64
"Warta Częstochowa",Polen,17767712,15311756,2455956,26.86
"Luparense Calcio",Italien,6353647,3902023,2451624,28.36
"GIN Sestri Levante",Italien,6502568,4074697,2427871,26.95
"Northfleet Conquerors",England,6371639,3944976,2426663,27.09
"Essener TSV",Deutschland,6234479,3808721,2425758,26.95
"FV Vaduz 1935",Schweiz,64699228,62288521,2410707,29.27
"Italia Wolfsburg",Deutschland,6141841,3741102,2400739,27.00
"Umbrio Gubbio",Italien,5985342,3593729,2391613,27.68
"Ponsacco Calcio",Italien,6009116,3625700,2383416,27.73
"Atleticó Sarno",Italien,6020166,3639557,2380609,26.82
"Stormbars FK",Litauen,42526247,40224612,2301635,27.48
"Esportiva Linares",Spanien,13206680,10921862,2284818,26.68
"Chesterfield Athletic",England,6067307,3784681,2282626,27.36
"BSV Friesdorf",Deutschland,6018221,3758927,2259294,27.09
"FK Abano",Italien,5921800,3677645,2244155,28.32
"BK Rusenborg",Norwegen,62984344,60743966,2240378,26.96
"Ponte Mozzano Calcio",Italien,5856365,3643053,2213312,27.41
"Salò Calcio",Italien,34785997,32601172,2184825,26.42
"Brianzoli Monza",Italien,6295726,4117259,2178467,26.27
"Worcester Albion",England,6121507,3948247,2173260,26.82
"FK Nisporeni",Moldawien,26281759,24127457,2154302,29.32
"Alğa Atyrau ",Kasachstan,32694301,30558205,2136096,27.82
"AS Ontinyent",Spanien,5814657,3686787,2127870,26.77
"Iruña Osasuna",Spanien,5566966,3454874,2112092,26.95
"SD Arezzo",Italien,5973434,3866568,2106866,27.86
"SpVgg Siegen",Deutschland,5959145,3887839,2071306,26.14
"St. Llansantffraid FC",Wales,48763076,46720372,2042704,27.64
"QP Glasgow 1867",Schottland,12676990,10670350,2006640,28.32
"Preußen Balingen",Deutschland,5755921,3753061,2002860,27.00
"AFC Milton Keynes 05",England,32137640,30153566,1984074,27.91
"Lincoln Boxer",England,5348493,3379297,1969196,26.91
"SD Royal Zaragoza",Spanien,36194342,34286009,1908333,30.59
"Sporting Genk",Belgien,54691382,52842643,1848739,28.32
"Real Mungia",Spanien,18255892,16542848,1713044,28.59
"Academy Solihull",England,5460621,3755442,1705179,27.14
"FSV Flensburg",Deutschland,5611778,3994910,1616868,26.45
"VT Arnhem",Niederlande,25284198,23707920,1576278,28.23
"Sportivo Navalcarnero",Spanien,5269686,3723384,1546302,26.91
"FK Ghastan 1925",Finnland,31495779,30008320,1487459,26.32
"Fortuna Dudelange",Luxemburg,45743635,44291215,1452420,28.25
"Esportiva Covilhã",Portugal,28521614,27092473,1429141,28.32
"VIK Helsinki",Finnland,60124119,58776005,1348114,27.50
"Royal Murcia",Spanien,24470912,23150660,1320252,27.35
"Llandudno Town",Wales,39498259,38181984,1316275,24.83
"Vamos Vallecanos",Spanien,53690568,52442176,1248392,28.95
"UD Lizarra",Spanien,28177482,26945161,1232321,28.50
"Canvey Sunshine",England,284166721,282953438,1213283,26.94
"AFK Amstetten",Österreich,25688451,24555050,1133401,26.91
"CS Villareal",Spanien,64733360,63623801,1109559,28.82
"KF Göteborg",Schweden,58128255,57019725,1108530,26.61
"Dynamit Astana",Kasachstan,39781121,38688912,1092209,27.39
"Vidi Székesfehérvár",Ungarn,39213994,38182959,1031035,28.43
"Esportivo La Coruña",Spanien,56923165,55920985,1002180,27.59
"SCC Neuchâtel",Schweiz,5402209,4408291,993918,24.82
"ASS Södertälje",Schweden,32485347,31516611,968736,28.39
"Metallica Skopje",Mazedonien,35638560,34690106,948454,27.00
"Tiraspol Cowboys ",Moldawien,51730348,50807390,922958,27.48
"Imker Zaprešić  FK",Kroatien,28649286,27752866,896420,27.87
"FVV Hamburg",Deutschland,47390217,46581288,808929,27.73
"KF Dunajská 1905",Slowakei,46484532,45754530,730002,27.55
"Kupaz Ganja",Aserbaidschan,29482644,28779216,703428,27.82
"Old Boys Antwerpen",Belgien,25290615,24618278,672337,25.77
"Tapfer Burghausen",Deutschland,4210746,3551794,658952,26.32
"Royal PG Valladolid",Spanien,36986215,36355046,631169,27.82
"ZS Luzern",Schweiz,34923407,34298867,624540,27.86
"SSC Mosta",Malta,42876467,42384493,491974,27.78
"LB Bonfica",Portugal,181844617,181370786,473831,29.39
"Robon Kazan",Russland,38734536,38371349,363187,27.73
"Union St. Gallen",Schweiz,57466632,57128998,337634,25.26
"VF Göteborg",Schweden,17642894,17322501,320393,29.43
"LF Thisted",Dänemark,51192638,50883677,308961,27.39
"SSL Ancona",Italien,43173798,42886652,287146,27.36
"Sportivo Cuneo",Italien,19800525,19641001,159524,26.77
"SAK Klagenfurt",Österreich,128261779,128131987,129792,26.68
"Shumbrock Wanderers",Irland,82497247,82537257,-40010,28.61
"SA Boulogne-sur-Mer",Frankreich,3028165,3275742,-247577,26.82
"CA Avant Bastia",Frankreich,3495803,3745906,-250103,25.77
"Stade Orléans",Frankreich,3487693,3762259,-274566,25.82
Bündımaspor,Türkei,28385501,28664140,-278639,28.45
"US Jessheim",Norwegen,31248815,31536160,-287345,28.77
"Littoral Dunkerque",Frankreich,3601533,3897993,-296460,26.05
"FC Chemois Norte",Frankreich,3298582,3601917,-303335,26.00
"KS Besëlithia Lezhë",Albanien,14245392,14550322,-304930,28.23
"SK Biel/Bienne",Schweiz,27295286,27613567,-318281,27.87
"Racing Amiens",Frankreich,3238178,3578232,-340054,26.64
"AJ Consolat",Frankreich,3497753,3866092,-368339,25.91
"Tortuk Nalchik",Russland,17457565,17832949,-375384,28.50
"Citadelle Belfort",Frankreich,3038548,3432271,-393723,26.23
"FTE Gaillard",Frankreich,3271641,3676947,-405306,27.32
"Wigan Dynamic",England,143988428,144393939,-405511,27.09
"AS Salerno Calcio",Italien,40383581,40794064,-410483,28.23
"AL Nímes",Frankreich,3161813,3641723,-479910,26.05
"UD Barakaldo",Spanien,25382903,26040653,-657750,26.59
"OFG Nice",Frankreich,30465951,31132109,-666158,28.59
"Uni Craiova",Rumänien,67913801,68635442,-721641,27.36
"FF Methil 05",Schottland,34421777,35268867,-847090,28.45
"Dynamit Moskva",Russland,53722932,54595967,-873035,29.18
"Racing SC Liège",Belgien,57433941,58345286,-911345,26.91
"SK Moskau",Russland,60890489,61849560,-959071,28.74
"ÚJ Budapest FC",Ungarn,15023601,16113541,-1089940,28.00
"FV Porto",Portugal,184318241,185429896,-1111655,26.64
"Nogomet Split",Kroatien,38542324,39718122,-1175798,27.05
"KF Haldenkvìk",Norwegen,37008277,38388725,-1380448,28.91
"Thuner SC",Schweiz,41842828,43285416,-1442588,27.13
"Délkeleti Kispest",Ungarn,34885436,36421890,-1536454,25.95
"Juventus Dogana",San Marino,25913025,27507274,-1594249,27.73
"FK Poznań 1923",Polen,81420862,83032243,-1611381,27.43
"FC Helsingborg",Schweden,86558936,88191302,-1632366,29.00
"Sociedad Almería",Spanien,41788418,43449537,-1661119,28.13
"Deportiva Fuenlabrada",Spanien,40929046,42650723,-1721677,28.68
"Slavyani Sofia FK",Bulgarien,63321864,65248539,-1926675,29.64
"PJ Tukru 1923",Finnland,44590926,46557363,-1966437,27.26
"AS Cello Verona",Italien,50964784,52984137,-2019353,29.14
"Sportivo Alaves",Spanien,50575095,52606443,-2031348,27.41
"FK Metallica Jajce","Bosnien und Herzegowina",39561201,41684026,-2122825,27.73
"Þráttótur Reykjavík",Island,103624551,105782883,-2158332,27.57
"UD Espania Barcelona",Spanien,29994752,32275339,-2280587,27.09
"Atlético Tarragona",Spanien,35213641,37550180,-2336539,27.57
"OZ Oosterwijk",Belgien,34805586,37149345,-2343759,28.36
"FC Kurait Almaty",Kasachstan,56519372,58980103,-2460731,27.74
"Union Zulte Waregem",Belgien,57478626,60048015,-2569389,29.27
"VVC Brugge",Belgien,127259006,129834740,-2575734,28.59
"GH Zürich 1887",Schweiz,30760130,33350654,-2590524,28.45
"Züricher SK",Schweiz,28419098,31076838,-2657740,29.73
"Slavia Liberec",Tschechien,54091489,56855942,-2764453,28.61
"Birku Konya",Türkei,35621621,38450240,-2828619,28.04
"SC Nei Tel-Aviv",Israel,34651839,37575106,-2923267,28.00
"Śląskie Bielsko-Biała",Polen,70744241,73712485,-2968244,29.18
"AC Sportivo Madrid",Spanien,226223607,229416756,-3193149,25.24
"Bolton Nomads",England,24470961,27674946,-3203985,27.82
"FT Grenoble",Frankreich,67919617,71144444,-3224827,29.18
"Boćnust Podgorica",Montenegro,59400711,62635834,-3235123,29.86
"Brechin Town",Schottland,78722807,81999946,-3277139,27.82
"Rädan Baku",Aserbaidschan,46247842,49560461,-3312619,28.00
"1.FK Hannover ",Deutschland,26678760,30015749,-3336989,28.00
"Baschko Ufa",Russland,53721553,57244625,-3523072,26.91
"AFK Osijek",Kroatien,52682264,56293782,-3611518,26.41
"Fiskeri Esbjerg",Dänemark,63955619,67625359,-3669740,27.59
"FC Shmuk",Israel,41736096,45627799,-3891703,27.39
"Pramy Minsk",Weißrussland,49460207,53379659,-3919452,28.95
"FC Stoke 1865",England,33979171,37916005,-3936834,27.50
"Dinamyt Minsk",Weißrussland,57864960,61848405,-3983445,28.77
"Anadolu Sivas",Türkei,46415492,50434395,-4018903,26.50
"Dynamit București",Rumänien,85763943,89837461,-4073518,28.61
"AC Avranches",Frankreich,46677145,50823429,-4146284,28.48
"Royaal Anderlecht",Belgien,67621112,71826579,-4205467,27.91
"Vercelli Calcio",Italien,33798383,38032141,-4233758,29.00
"Royal Sevilla",Spanien,41373485,45636492,-4263007,28.91
"Olimpios Piräus",Griechenland,66009812,70301618,-4291806,27.87
"Graaf Doetinchem",Niederlande,56569448,61251097,-4681649,29.95
"Sori Lugansk",Ukraine,61544780,66386169,-4841389,27.91
"AS Iași",Rumänien,132077175,137173973,-5096798,21.50
"Slugia Warszawa",Polen,66942197,72067346,-5125149,28.00
Kayserikulübü,Türkei,60344873,65728239,-5383366,26.82
"FKS Bratislava",Slowakei,46906099,52772065,-5865966,29.57
"AJ Valenciennes",Frankreich,66579412,72638104,-6058692,27.55
"Desportivo Funchal",Portugal,54802760,60946018,-6143258,29.59
"SI Hobro",Dänemark,39193753,45430797,-6237044,28.82
"Dynamit Kiew",Ukraine,58283558,64665879,-6382321,27.57
"FC Aarhus 1879",Dänemark,42784803,49186532,-6401729,26.18
"FK Lillestrøm",Norwegen,44287295,50738448,-6451153,27.23
"KSK Gent",Belgien,69253743,75785732,-6531989,29.27
"FK Kuopio",Finnland,35706231,42263842,-6557611,28.32
"FC Shijak",Albanien,34486141,41163088,-6676947,28.86
"KV Aktobe 1965",Kasachstan,69069545,75762913,-6693368,29.09
"KFN Novopolotsk",Weißrussland,57137291,63859464,-6722173,28.68
"FKP Timișoara",Rumänien,70192887,77388068,-7195181,26.59
"Naproijed Sisak",Kroatien,57466283,64982039,-7515756,28.05
"Intra Turku",Finnland,30730393,38308812,-7578419,29.50
"Soccer Burreli",Albanien,41978337,49901059,-7922722,27.36
"Jizera Boleslav",Tschechien,52893428,61043258,-8149830,28.77
"Wésłav Kraków",Polen,90307220,98576421,-8269201,29.68
"Lokhtar Donezk",Ukraine,76429770,84907506,-8477736,28.36
"FK Neretva Mostar","Bosnien und Herzegowina",54531914,63134737,-8602823,29.83
"Stal Kharkiv",Ukraine,96279806,104968904,-8689098,30.05
"GIF Kalmar",Schweden,92896397,101808085,-8911688,30.73
"Xäver Länkärän",Aserbaidschan,73992863,83007267,-9014404,27.91
"FKS Athen",Griechenland,59372124,69096057,-9723933,29.57
"FN Rotterdam",Niederlande,36000425,46219795,-10219370,28.09
"BK Djurgårdens",Schweden,54810812,65323895,-10513083,31.00
"Crawley Sports",England,61097914,72855339,-11757425,27.00
"FAC Wolfsberg",Österreich,316836658,328701637,-11864979,25.29
"FC Sabur",Georgien,46338092,58661953,-12323861,27.30
"SK Eugendorf",Österreich,41001903,53407510,-12405607,27.96
"Watford Elks",England,91015576,107346626,-16331050,26.35
"ASS Dundee",Schottland,238153722,255880409,-17726687,23.90
"Sporting St. Truiden",Belgien,506051402,524863347,-18811945,26.83
"Zmajevi Voždovac",Serbien,46751210,65985107,-19233897,28.36
"FV Sevilla",Spanien,349140345,368442700,-19302355,24.19
"FKV Köln",Deutschland,218067674,237461017,-19393343,19.77
"Könizer SK",Schweiz,238657435,258165019,-19507584,28.17
"FC Narva Buse",Estland,103154703,123435660,-20280957,29.77
"Mało Kraków",Polen,429171418,451047730,-21876312,27.23
"Wattenscheider Kickers",Deutschland,259583476,288232323,-28648847,20.70
"SD Granada",Spanien,734870235,768747296,-33877061,23.00
"SC St. Southampton",England,83667456,117751312,-34083856,28.14
"WFFK Rödinghausen",Deutschland,265568815,320372005,-54803190,22.32
"Hednesford Unity",England,343248238,402269114,-59020876,27.15
"Fáaðfara Reykjavík ",Island,138610963,208548367,-69937404,29.09
"AS Oostende",Belgien,613091511,691894648,-78803137,24.08
"FK Aberdeen 1904",Schottland,547943906,631846446,-83902540,23.54
"IS Östersund",Schweden,861256323,974381251,-113124928,24.04
"Truro Wildcats",England,803175436,916457147,-113281711,21.56
"Red Lions Millwall",England,368167041,546843928,-178676887,24.64
"CD León",Spanien,901458884,1236747667,-335288783,24.36
