Vereinsname,Land,"aktueller Marktwert",Ablösesummen,Differenz,Durchschnittsalter
"POTE Baryssau",Weißrussland,2308442473,1655293601,653148872,23.27
"Sportinho Lissabon",Portugal,1436328129,790357630,645970499,24.43
"TuS Darmstadt",Deutschland,1292646944,798076349,494570595,25.44
"Shumbrock Wanderers",Irland,1034105583,579633089,454472494,24.39
"BK Rusenborg",Norwegen,812554585,424498287,388056298,24.30
"AK Berlin 1917",Deutschland,864917146,496526039,368391107,24.23
"Boomian FC",Irland,487382240,134240196,353142044,23.55
"Canvey Sunshine",England,863277774,511811938,351465836,24.44
"Northampton Cobs",England,388098319,44759890,343338429,23.96
"Matosinhos Leixões",Portugal,432119437,93777126,338342311,24.85
"Arsenal Schodsina",Weißrussland,726699039,419319911,307379128,27.24
"SSC Gillingham 1898",England,831646177,535063404,296582773,24.29
"Royal Sevilla",Spanien,456747165,167346478,289400687,21.91
"Uskeris Utena",Litauen,469164543,187480361,281684182,21.50
"Aluminium Aachen",Deutschland,299228410,17668506,281559904,24.50
"Unionos Athen",Griechenland,929547381,650430920,279116461,25.18
"SC Wecker Innsbruck",Österreich,599250578,323248827,276001751,24.24
"FKV Köln",Deutschland,542539171,267562805,274976366,24.46
"Racing Tenerife",Spanien,464176268,190390778,273785490,24.13
"RBS Pforzheim",Deutschland,600116777,334531583,265585194,23.48
"Dinamo Hrodna",Weißrussland,738833402,478893327,259940075,26.47
"Manchester Devils",England,859116747,603262674,255854073,26.89
"Dinamyt Minsk",Weißrussland,845133625,591400323,253733302,22.09
"Inter Eichstätt",Deutschland,527276393,276834430,250441963,24.58
"Intra Gorgonzola",Italien,1215770438,969846786,245923652,24.48
"FSI Mariehman",Finnland,363675775,125948084,237727691,25.05
"Academic Dublin",Irland,801797777,574054396,227743381,23.63
"Manchester Revolution",England,645824140,424383137,221441003,23.48
"FC Kirchbichl",Österreich,454910491,236250809,218659682,25.64
"JSV Göttingen 1908",Deutschland,277404179,60253604,217150575,23.79
"Kilkee FC",Irland,480695637,267407589,213288048,24.16
"Alliance Køge ",Dänemark,354641534,141973334,212668200,25.57
"Sempedoria Genua",Italien,515679919,304004274,211675645,26.00
"FK Leverkusen",Deutschland,731867294,520311708,211555586,25.45
"EXZ Rotterdam",Niederlande,333515176,129379197,204135979,25.47
"Gimnastico Baleares",Spanien,307075038,103646216,203428822,25.95
"Wattenscheider Kickers",Deutschland,501948244,299584325,202363919,25.00
"Union Drochtersen",Deutschland,289292029,92438589,196853440,24.40
"Athletic Athlone",Irland,334223203,140239667,193983536,26.19
"FC Aalborg",Dänemark,335992273,144916058,191076215,25.63
"Tapfer Burghausen",Deutschland,446376904,257239106,189137798,25.14
"Latium Rom",Italien,242706392,54493748,188212644,22.17
"HFC Rhynern",Deutschland,342655422,155479950,187175472,25.15
"1. FC Karlsruhe",Deutschland,562833524,379068448,183765076,24.10
"1. FC Bremer Neustadt",Deutschland,181883779,1050000,180833779,22.57
"Union Unterhaching",Deutschland,376133862,199326043,176807819,26.04
"Dundalk Soccer",Irland,354810178,179330054,175480124,25.22
"Germania Paris",Frankreich,687728461,512368439,175360022,24.36
"Berlin United",Deutschland,195330533,22684136,172646397,25.17
"SSV Hoffenheim",Deutschland,295665165,124370905,171294260,25.23
"Desportivo Funchal",Portugal,455091711,286083302,169008409,23.15
"Hurricàn Valencia",Spanien,266364132,101111294,165252838,25.11
"KFN Novopolotsk",Weißrussland,694780904,529942043,164838861,22.15
"1.SSV St. Pauli",Deutschland,323063968,160537507,162526461,23.60
"Rot-Weiß Regensburg",Deutschland,196337779,33955773,162382006,25.00
"SC Kogge Rostock",Deutschland,1233645426,1072613627,161031799,25.76
"Sportivo Trapani",Italien,573714907,413268795,160446112,25.53
"FKS Athen",Griechenland,321384223,161238851,160145372,26.36
"HSC Hamburg",Deutschland,638078181,478416103,159662078,25.11
"Intra Mailand",Italien,581402913,422440260,158962653,24.78
"FK Fanorbohçe",Türkei,557678450,399275535,158402915,23.71
"Eintracht Bochum",Deutschland,1159204710,1000995356,158209354,24.97
"London Gunners",England,263673064,106035786,157637278,25.14
"LB Bonfica",Portugal,516069955,359614939,156455016,24.60
"BFV München",Deutschland,220001166,64288548,155712618,24.80
"NJL Farum",Dänemark,363717129,208076043,155641086,26.88
"Juventus Bern",Schweiz,723889233,570375663,153513570,24.73
"ASK Eindhoven",Niederlande,342279913,190823107,151456806,26.00
"UD Espania Barcelona",Spanien,215115650,65192028,149923622,25.32
"HSV Rathenow",Deutschland,295758094,145921442,149836652,23.24
"AK Sluvaria Praha",Tschechien,403969162,254221269,149747893,26.48
"Virginia Turin",Italien,464469822,317164331,147305491,26.95
"KF Göteborg",Schweden,178852568,31610956,147241612,27.74
"ST Bozen 1996",Italien,346782749,204383408,142399341,25.86
"DSV Oberkassel",Deutschland,220032448,78500964,141531484,21.92
"FK Aberdeen 1904",Schottland,336615849,205698287,130917562,25.48
"FV Valencia",Spanien,420212531,289753540,130458991,22.70
"VfB Memmingen",Deutschland,428524668,299541434,128983234,24.32
"RPF Kaiserslautern",Deutschland,244921960,117713787,127208173,25.25
"FFC Malchow",Deutschland,560115808,433773945,126341863,25.14
"Preußen Schweinfurt",Deutschland,203251105,78752920,124498185,23.53
"Glasgow Randers",Schottland,541767427,417391053,124376374,22.89
"HSV Kiel",Deutschland,421930420,297937105,123993315,26.13
"Hansa Sudelbe",Deutschland,285426724,163304040,122122684,23.27
"BSK Odd",Norwegen,503571505,382213728,121357777,25.95
"AAC Coimbra",Portugal,180060615,61527843,118532772,22.17
"SC Waterford",Irland,274394855,156968833,117426022,24.42
"Union Magdeburg",Deutschland,255327985,138702909,116625076,25.58
"Fiatalok Felcsút AC",Ungarn,347098144,230669593,116428551,24.35
"TSV Berlin 1905",Deutschland,208558759,94161695,114397064,24.68
"Stuttgarter Schützen",Deutschland,200578568,86999551,113579017,22.67
"SV Basel",Schweiz,243821611,131355132,112466479,24.43
"East Ham London",England,266595044,156214643,110380401,26.56
"SFV Plauen",Deutschland,269681058,159932324,109748734,25.58
"HS Lyngby",Dänemark,455006979,346992367,108014612,22.21
"FKS Kriens",Schweiz,382711042,275322512,107388530,26.29
"Aero Kharkiv",Ukraine,409206915,305389593,103817322,25.62
"RCD San Sebastián",Spanien,291013914,187743293,103270621,27.00
"Eutiner FC 1918",Deutschland,208994138,107710464,101283674,19.95
"FSV Neugersdorf",Deutschland,324393990,223636265,100757725,25.42
"SK Münchener Löwen",Deutschland,323536563,228346418,95190145,21.45
"SSC Halle",Deutschland,145274432,52397245,92877187,24.64
"Jylland Herning",Dänemark,295728544,204945186,90783358,25.27
"SK Austrien Wien",Österreich,248447302,158151774,90295528,26.05
"AC Sportivo Madrid",Spanien,559895775,470523589,89372186,24.72
"FC Hapa Tel-Avia",Israel,174442150,85873381,88568769,24.65
"SpVgg M´gladbach",Deutschland,349117010,260570969,88546041,23.96
"Eintracht Osnabrück",Deutschland,235700856,148759191,86941665,23.86
"SWBH Villingen",Deutschland,140322730,53386710,86936020,25.67
"Teutonia Alfter",Deutschland,637289684,553512145,83777539,22.72
"BSC Grohn",Deutschland,406868432,323128864,83739568,24.05
"Red Lions Millwall",England,186067227,102799229,83267998,24.47
"FC Aarhus 1879",Dänemark,521518580,439890351,81628229,22.95
"SSV Frankfurt 1897",Deutschland,88704900,7968201,80736699,24.00
"SC Orel Kranj",Slowenien,98017086,18580244,79436842,24.42
"Gjumri FC",Armenien,265613760,187940093,77673667,25.78
"KV Lions",Gibraltar,144736907,67397283,77339624,27.29
"PF Orienta Varna",Bulgarien,212382011,135518282,76863729,22.17
"FA Prat",Spanien,160256695,84583225,75673470,21.64
"Hansa Bremen",Deutschland,368661061,293426538,75234523,25.63
"Ciltic Glasgow",Schottland,325488669,250739975,74748694,24.88
"AC Avranches",Frankreich,477091420,403134357,73957063,24.74
"1. FK Bockenheim",Deutschland,382082666,308908096,73174570,24.30
"BW Sandhausen",Deutschland,425107596,353598702,71508894,27.17
"KVI Stavanger",Norwegen,236597811,165182048,71415763,25.04
"Dynamit Kiew",Ukraine,233085223,162902493,70182730,22.27
"Union Verl",Deutschland,86935940,17144688,69791252,27.58
"Royal Madrid",Spanien,600332572,531274809,69057763,25.05
"Union Neubrandenburg",Deutschland,128349736,59913558,68436178,25.36
"FAK Voronezh",Russland,146435422,78078243,68357179,23.74
"Kleeblatt Oberhausen",Deutschland,230594552,163805084,66789468,25.24
"Duisburg Zebras",Deutschland,89877742,23487069,66390673,23.22
"Derby United",England,184170030,118804258,65365772,28.00
"Union Aplerbeck",Deutschland,158750599,93867628,64882971,23.20
"Ebreichsdorfer AK",Österreich,274973679,210717071,64256608,24.41
"SK Moskau",Russland,244797721,182076543,62721178,26.96
"Unione Pescara",Italien,72516978,10257056,62259922,25.65
"FK Gävle",Schweden,66558621,5854545,60704076,24.92
"RW Meuselwitz",Deutschland,79432563,19093459,60339104,27.00
"Sportive Épinal",Frankreich,346512764,286370024,60142740,25.09
"FC Helsingstars",Finnland,275087633,217547173,57540460,25.65
"Newcastle Union",England,133016320,75528323,57487997,26.09
"1.FK Hannover ",Deutschland,95958780,38877146,57081634,20.70
"SSV Napoli",Italien,145783493,89823960,55959533,27.35
Misaniaspocht,Türkei,58429479,2694667,55734812,24.50
"CFC Barcelona",Spanien,471354478,415854615,55499863,28.11
"SHV Passau",Deutschland,108744083,53351642,55392441,26.27
"HuFC Düsseldorf",Deutschland,134630562,79570473,55060089,25.64
"Morecambe Seafighters",England,61973544,6975507,54998037,24.32
"Atletism Balotești",Rumänien,60376497,5887444,54489053,27.36
"1. FV Würzburg",Deutschland,113421725,58980232,54441493,21.25
"Sportowy Khimki",Russland,125423323,70997640,54425683,27.82
"Friidrott Sundsvall",Schweden,401095210,346848717,54246493,23.77
"Ballsport Dortmund",Deutschland,234302831,180692732,53610099,23.32
"Jeanette Esch",Luxemburg,148174485,95089058,53085427,25.78
"Slagelse SL",Dänemark,103843060,50820239,53022821,24.77
"CF Eibar",Spanien,895792235,843453806,52338429,25.11
"Ritzinger SK",Österreich,68659181,17283891,51375290,25.74
"CL Cosenza",Italien,72048162,21314615,50733547,25.59
"Napoli Calcio",Italien,153836857,103173991,50662866,24.84
"SF Getafe",Spanien,69268445,18686576,50581869,26.64
"SH Eastleigh",England,76520265,26363367,50156898,25.43
"Vlok Plovdiv",Bulgarien,66324284,16777021,49547263,26.73
"Chelsea Soccer",England,171315023,121949223,49365800,26.30
"Rodóva Marijampolė",Litauen,59886887,10903853,48983034,27.23
"Udinese CF",Italien,88379836,39499506,48880330,28.23
"GR Klaipėda",Litauen,59053985,10236720,48817265,25.95
"Germania Cloppenburg",Deutschland,194808336,146065576,48742760,23.95
"Aias Amsterdam FK",Niederlande,270977432,222257022,48720410,23.22
"CV Milan",Italien,694452661,645784008,48668653,25.53
"Osman Ankara",Türkei,51766986,3320752,48446234,25.43
"BF Galabovo",Bulgarien,61094552,12650419,48444133,27.05
"Cappellen Town",Belgien,60236918,12127637,48109281,26.23
"Unión Tudelano",Spanien,54272177,7092031,47180146,25.73
"Atlético Albacete",Spanien,85154211,38024916,47129295,26.55
"Welsh Wrexham",England,61600417,14589301,47011116,20.25
"SK Glimt Bodø",Norwegen,61924423,15278280,46646143,26.00
"Sportivo Leiria",Portugal,93369034,46781522,46587512,26.95
"FC Clermont-Ferrand",Frankreich,59934143,13715740,46218403,27.09
"SV Monopoli Calcio",Italien,60284387,15184629,45099758,27.86
"FK Oulu",Finnland,63941895,19235196,44706699,26.30
"Inter Brno",Tschechien,151217559,107224912,43992647,24.00
"Inverness City",Schottland,60555964,16576956,43979008,28.27
"RCD Ejea",Spanien,67185094,23487583,43697511,27.43
"Sportivo Bilbao",Spanien,122674963,79093031,43581932,26.57
"Dnipropetrovsk FC",Ukraine,86888133,43706582,43181551,27.30
"Avernese Calcio",Italien,108358083,65194070,43164013,27.86
"SI Uppsala",Schweden,219687271,176717049,42970222,25.21
"CD Elche",Spanien,125702375,82813034,42889341,26.23
"Gosport Rebells",England,60216487,17562681,42653806,25.68
"FKS Puławy",Polen,51571178,9908942,41662236,25.61
"Sutton Athletic",England,76414482,34837075,41577407,26.86
"Olimpico Estarreja",Portugal,64653945,23119622,41534323,26.23
"Sportiva Tondela",Portugal,289541467,248099613,41441854,28.23
"Olimpico Zakynthos",Griechenland,49809118,8422801,41386317,24.86
"Sportiva Novara",Italien,61151491,19783091,41368400,26.59
"FV Aranda de Duero",Spanien,47203111,6019939,41183172,26.59
"Cyprus Aradippou",Zypern,85944568,44883888,41060680,27.18
"FK Ried",Österreich,81534709,40603396,40931313,26.95
"UD Lizarra",Spanien,68003858,27188095,40815763,27.86
"York Soccer",England,47028429,6303788,40724641,26.36
"Leipziger SV",Deutschland,67784355,27261953,40522402,29.80
"Lougana FC",Lettland,45834292,5365773,40468519,26.09
"Mainzer FC",Deutschland,211434797,171021407,40413390,28.65
"SV Porta Trier",Deutschland,62906990,22672848,40234142,26.41
"Seraing United",Belgien,64019967,24133589,39886378,25.64
"SC Torpedo Dresden",Deutschland,97436028,57554587,39881441,28.30
"Spotivo Zigi",Lettland,45158385,5676185,39482200,25.86
"KF Haldenkvìk",Norwegen,52743223,13269385,39473838,26.13
"KKS Jyväskylä",Finnland,69016040,29625812,39390228,27.41
"Iän Åtvidaberg",Schweden,88666798,49439015,39227783,26.64
Dzenlispur,Türkei,46280339,7074639,39205700,26.82
"Bær Sandvika",Norwegen,60889286,21713412,39175874,26.77
"Slavonia Brdo",Kroatien,81154506,42364776,38789730,26.45
"Lukumotiva Moskva",Russland,251325223,212675185,38650038,26.11
"AS Bourg-Péronnas",Frankreich,42666357,4050085,38616272,26.91
"SSV Cartagena",Spanien,42901037,4301755,38599282,24.45
"SC Esch",Luxemburg,74849734,36273312,38576422,25.57
"Dithmarschen Heid",Deutschland,73349887,34788568,38561319,26.36
"Farak Grosny",Russland,111592894,73037546,38555348,27.54
"Wiener SC",Österreich,42436227,4079574,38356653,26.91
"Oxford Urbans",England,74812303,36606340,38205963,28.55
"Sçaykor Rize",Türkei,72516964,34458462,38058502,27.30
"OA Nikosia",Zypern,102685403,64647124,38038279,25.83
"Potenza Melfi",Italien,45967397,8005290,37962107,26.50
"Sporting St. Truiden",Belgien,55480553,17734781,37745772,27.23
"JKA Ylivieska",Finnland,48324118,10818448,37505670,26.77
"SSC Lugano",Schweiz,47113727,9645767,37467960,25.00
"SC Stadl-Paura",Österreich,60656227,23608027,37048200,25.82
"SC Fiorentina",Italien,66559554,29525381,37034173,26.23
"Dynamit București",Rumänien,315324126,278456466,36867660,27.82
"IFK Oskarshamn",Schweden,48434042,11610813,36823229,25.86
"Duna Paksi",Ungarn,77264736,40512894,36751842,26.39
Güresonsport,Türkei,73340176,36719011,36621165,26.95
"Fortuna Norderstedt",Deutschland,81442657,44910467,36532190,25.73
"Sporting Arouca",Portugal,81027162,44579912,36447250,27.95
"Esportivo La Coruña",Spanien,102121867,65766576,36355291,28.68
"Voša Novi Sad",Serbien,48101967,11758879,36343088,26.83
"Rudar Kerkrade",Niederlande,69800795,33677308,36123487,26.68
"KV Aktobe 1965",Kasachstan,45998521,9971712,36026809,25.45
"EF Lleida",Spanien,56672340,20744354,35927986,25.55
"Vlak Gorna Orjachowiza",Bulgarien,46880282,11144774,35735508,26.18
"Cardiff Dragons",England,69358498,33632067,35726431,25.95
"CV Crotone",Italien,42096888,6407156,35689732,26.13
"Unión Mafra",Portugal,42153855,6631199,35522656,26.09
"Eintracht Rudolstadt",Deutschland,72022769,36536234,35486535,26.09
"Cheznó Tarnobrzeg",Polen,47485046,12027342,35457704,27.00
"JK Tartu Lemm",Estland,40078745,4952893,35125852,28.09
"Gharabagh Ağdam",Aserbaidschan,71226045,36134799,35091246,27.09
"Concord Åsane",Norwegen,75447183,40434248,35012935,26.30
"Saarbrückener SC",Deutschland,579288475,544365225,34923250,22.42
"1. FK Vienna 1895",Österreich,49040005,14334475,34705530,25.86
"Isla Krk",Kroatien,176699251,142169771,34529480,28.65
"BD Hønefoss",Norwegen,41113318,6592263,34521055,26.55
"Wycombe Sportsmen",England,57451152,23046830,34404322,27.64
"Academy Bristol",England,46797637,12446152,34351485,26.59
"Maastrichter FC",Niederlande,39783628,5517964,34265664,26.73
"VfB Chemnitz",Deutschland,298917885,264674284,34243601,24.83
"Omiš FK",Kroatien,56124771,21946948,34177823,26.86
"Mantova Calcio",Italien,40484986,6539003,33945983,26.05
"Oldham City",England,42846902,8950524,33896378,26.64
"SSV Pavia",Italien,45584052,11802030,33782022,27.04
"KA Iraklio",Griechenland,130570285,96837250,33733035,27.64
"Ethnokos Evosmos",Griechenland,74777827,41193711,33584116,26.57
"Atletico Bergamo",Italien,43731469,10208303,33523166,27.59
"SCC Neuchâtel",Schweiz,50357803,16868896,33488907,27.27
"Liverpool Reds",England,509907140,476435930,33471210,27.05
"SC Michalovce",Slowakei,36620055,3349959,33270096,24.41
"RFC Monaco",Frankreich,279104578,245903322,33201256,28.77
"Spartak Jablonek",Tschechien,190257191,157332002,32925189,26.23
"Royal Murcia",Spanien,47900696,15031445,32869251,25.18
"RO Russe",Bulgarien,44956360,12335519,32620841,26.32
"ASK Velenje",Slowenien,80439526,47919832,32519694,27.18
"AC Cagliari",Italien,43448309,11011350,32436959,27.50
"EV Córdoba",Spanien,71441839,39066446,32375393,25.32
"Sportowy Krasnodar",Russland,71556141,39226717,32329424,28.23
"Teplice CF",Tschechien,138656826,106331839,32324987,25.12
"SK Zvezda Belgrad",Serbien,57458323,25151311,32307012,28.95
"Tvøroyri BF",Färöer,55565354,23349639,32215715,26.50
"FC Newtown 76",Wales,55002336,22873400,32128936,26.82
"Oranje Emmen",Niederlande,143018316,110900506,32117810,26.13
"Gazovski Lipetsk",Russland,59730678,27617660,32113018,28.09
"Royal Oviedo",Spanien,75004359,42988935,32015424,26.77
"Chorne Odessa",Ukraine,38010883,6075077,31935806,27.36
"KV Lahti",Finnland,55413173,23535333,31877840,26.36
"Horda Sotra",Norwegen,42641997,10896067,31745930,26.91
"FK Metallica Jajce","Bosnien und Herzegowina",74408490,42683652,31724838,26.22
"Radnički SB",Kroatien,38773991,7096390,31677601,27.27
"Atletico Pistoiese",Italien,53985968,22335477,31650491,26.91
"Reyocretivo Huelva",Spanien,51607407,20034022,31573385,26.05
"Canarias Santa Cruz",Spanien,63072182,31529830,31542352,27.55
"Società Messina",Italien,41045561,9577902,31467659,27.30
"Kassaly Tschymkent",Kasachstan,81461372,50005723,31455649,26.36
"FAC Wolfsberg",Österreich,87605585,56527611,31077974,27.23
"Uni Craiova",Rumänien,48582748,17539876,31042872,25.09
"Beanos Stirling",Schottland,42339497,11502090,30837407,26.23
"Tortuk Nalchik",Russland,34943196,4115671,30827525,25.45
"IF Brand Bergen",Norwegen,42227464,11440921,30786543,26.13
"AFC Netanya",Israel,35503579,4738767,30764812,25.91
"FV Molde",Norwegen,94703100,64035540,30667560,25.57
"Atlético Talavero",Spanien,46760231,16096287,30663944,26.86
"Red Wings Salzburg",Österreich,101323027,70756461,30566566,24.16
"Torpeda Luzk",Ukraine,110492405,80012874,30479531,28.32
"SFV Koblenz",Deutschland,39149514,8728623,30420891,26.50
"Sodjìska Nikšić",Montenegro,47523558,17121525,30402033,24.55
"Olimpios Kerkyra",Griechenland,43996441,13699488,30296953,26.77
"SpVgg Münster 1908",Deutschland,79727183,49458141,30269042,27.09
"Hrvatskoj Pleternica",Kroatien,48229796,17980992,30248804,25.43
"Entella Chiavari",Italien,66806072,36603334,30202738,25.83
"SSV Kapfenberg 09",Österreich,50193353,20170986,30022367,27.27
"Viitor Râmnicu Vâlcea",Rumänien,43454755,13438103,30016652,27.59
"Inter Wexford",Irland,41799672,11897500,29902172,24.95
"Viktoria Erndtebrück",Deutschland,82159410,52340411,29818999,20.65
"Boćnust Podgorica",Montenegro,36614294,6889529,29724765,25.50
"FC Den Haag",Niederlande,735444134,705828286,29615848,23.95
"CS Lanzarote",Spanien,52480403,22875293,29605110,26.87
"Uniøn Bryne",Norwegen,35517745,5957532,29560213,26.73
"FK Faro",Portugal,50905248,21350857,29554391,27.00
"FSI Novosibirsk",Russland,72467848,42934610,29533238,27.32
"UD Alcoi",Spanien,56455126,26925997,29529129,26.18
"SK Wrocław ",Polen,36038503,6532665,29505838,27.00
"FC Štip 95",Mazedonien,36113093,6718796,29394297,25.70
"Germania Pohlheim",Deutschland,45469357,16163606,29305751,25.50
"FK Dunfermline",Schottland,46438829,17249622,29189207,26.09
"SK Mjøndolen",Norwegen,43226897,14082602,29144295,26.73
"SE Melilla",Spanien,33393641,4278633,29115008,26.77
"Stadt Brest 39",Frankreich,42222701,13115811,29106890,25.41
"ASK Karviná",Tschechien,32447843,3358727,29089116,26.48
"CO Alcorcón",Spanien,34088482,5020897,29067585,26.14
"Esportiva Covilhã",Portugal,37637824,8570694,29067130,26.86
"Swindon County",England,265985020,237470305,28514715,26.36
"Stenhousemuir SSC",Schottland,42721409,14265660,28455749,25.83
"FC Halle a.d.Saale",Deutschland,80331112,51934782,28396330,26.09
"Bullev Vratsa FK",Bulgarien,61239103,32846588,28392515,27.57
"Smehja Komsomolsk",Russland,44381086,15994535,28386551,25.27
"SSC Erfurt",Deutschland,43265040,14960040,28305000,27.22
"UK Wilrijk",Belgien,67457795,39236583,28221212,26.39
"SCU Sassuolo",Italien,40161851,11993310,28168541,25.77
"Neuwiener FK",Österreich,61856855,33749368,28107487,27.86
"Okzhlïmpïada Kokshetau",Kasachstan,50931807,22850593,28081214,26.91
"Union Liége FC",Belgien,124548739,96598806,27949933,27.23
"Športový Krásna",Slowakei,41608772,13665998,27942774,26.77
"FC Næstved",Dänemark,36524759,8593586,27931173,25.68
"Algarve Olhão",Portugal,51580438,23653038,27927400,26.95
"Truro Wildcats",England,87918819,60028721,27890098,26.73
"FC Galway",Irland,79418969,51540774,27878195,27.82
"Elektro Cottbus",Deutschland,53084613,25258903,27825710,27.59
"Leeuw Brakel",Belgien,34828467,7010376,27818091,26.86
"Leeds Athletic",England,80015761,52214333,27801428,26.83
"Inter Senica",Slowakei,49345143,21590311,27754832,27.32
"Petrol Wolfsburg",Deutschland,76871670,49284642,27587028,20.76
"KF Bosna Kakanj","Bosnien und Herzegowina",36850514,9273591,27576923,26.78
"Radnik Čačak",Serbien,56123224,28607635,27515589,26.35
"Siluro Grosseto",Italien,35474871,7985316,27489555,26.14
"SL Pastarossa",San Marino,71439715,43962146,27477569,26.95
"Chelmsford Community",England,49860637,22434382,27426255,27.74
"Spartak Žilina",Slowakei,60104127,32684942,27419185,25.96
"Oudenaarde SC",Belgien,56318850,28929915,27388935,27.30
"Alsace Mulhouse",Frankreich,91161388,63835404,27325984,26.65
"Niedercorn PG",Luxemburg,48872920,21589935,27282985,26.86
"Red Devils CF",Gibraltar,46545245,19279109,27266136,26.68
"Crișana Arad",Rumänien,61038148,33837247,27200901,28.30
"Aero Broughton",Wales,32934964,5734359,27200605,26.27
"ASS Frascati Rom",Italien,34735555,7681860,27053695,26.55
"US Høddvik",Norwegen,37493858,10563475,26930383,25.87
"Huvnar Tórshavn",Färöer,34653961,7755561,26898400,26.70
"KFK Kisvárda",Ungarn,36478360,9691312,26787048,26.73
Matalyaspur,Türkei,69565718,42785000,26780718,26.64
"US Jessheim",Norwegen,44077389,17304774,26772615,27.45
"Victória Estoril",Portugal,40586149,13904496,26681653,26.05
"Asturias Gijón",Spanien,91203169,64570714,26632455,26.96
"Trøndelag Levanger",Norwegen,34524690,7927500,26597190,26.82
"FV Nürnberg 1907",Deutschland,46310844,19729505,26581339,26.14
"Dilara Gor FC",Georgien,34187314,7639255,26548059,26.27
"SC Moreira de Cónegos",Portugal,56577988,30045445,26532543,25.78
"Sportivo Burgos",Spanien,55183844,28656082,26527762,25.41
"Nabyla Qostanai",Kasachstan,37872304,11379357,26492947,26.86
"AS Salerno Calcio",Italien,53644614,27273609,26371005,26.65
"Sedan FAC",Frankreich,35424736,9082443,26342293,25.83
"Pramy Minsk",Weißrussland,50123578,23813907,26309671,25.86
"FC Kalte",Estland,32049685,5771662,26278023,27.17
"Iruña Osasuna",Spanien,48586036,22310942,26275094,27.14
"Birmingham Villans",England,36455444,10209910,26245534,26.73
"Başektaş Istanbul",Türkei,137930954,111707614,26223340,24.41
"SD Arezzo",Italien,40140593,13953193,26187400,26.73
"Margates Owls",England,31674040,5602922,26071118,25.82
"SML Nyköping",Schweden,46153288,20116462,26036826,26.43
"Marche Verona",Italien,30382838,4401762,25981076,25.86
"FF Veldhoven 1928",Niederlande,36671503,10711255,25960248,27.86
"FK Samobor",Kroatien,40270119,14334590,25935529,27.86
"More Zvornik","Bosnien und Herzegowina",30639276,4741582,25897694,26.09
"Bala City",Wales,37177087,11309933,25867154,25.95
"Guijuelo CF",Spanien,45235924,19389832,25846092,26.52
"JS Jako Pietarsaari",Finnland,54929966,29111795,25818171,26.14
"FF Methil 05",Schottland,32748950,7014270,25734680,26.64
"Primorje Vladivostok",Russland,47717939,21996991,25720948,26.91
"FC Zagreb",Kroatien,29462662,3758065,25704597,26.55
"Derry United",Irland,213029373,187338262,25691111,28.77
"AFC Tullamore",Irland,56805793,31122407,25683386,27.59
"OB Kiew",Ukraine,32096439,6452600,25643839,26.91
"Barrow Bees",England,35182308,9592896,25589412,26.45
"Intra Pula 1948",Kroatien,33261495,7675788,25585707,27.64
"Almad Diyarbakır ",Türkei,36297190,10734769,25562421,26.86
"Garonne Bordeaux",Frankreich,50901977,25402382,25499595,26.65
"Štirovnik Cetinje",Montenegro,53741126,28320394,25420732,25.41
"Mazowieckie Ząbki",Polen,33413289,8020041,25393248,25.59
"FK Kılkarelispurt",Türkei,49851268,24461320,25389948,26.86
"FC Piteå",Schweden,39812140,14435098,25377042,28.45
"Séfélag Selfoss",Island,44576409,19253754,25322655,26.86
"PAS Dunaújváros",Ungarn,35126430,9826581,25299849,26.09
"Délkeleti Kispest",Ungarn,75214493,49924123,25290370,28.45
"Union Zulte Waregem",Belgien,29826874,4645387,25181487,26.14
"Oabla Koper",Slowenien,35178257,10030974,25147283,27.95
"SSC Lecce",Italien,40031454,14894772,25136682,26.91
"Druja Pakruojis",Litauen,40308372,15177337,25131035,27.59
"SWK Khabarosvk",Russland,49834998,24931842,24903156,25.41
"IKK Falkenberg",Schweden,42298759,17410631,24888128,26.78
"FK Groesbeek 29",Niederlande,57526948,32652570,24874378,26.41
"Union Celje",Slowenien,58067222,33277951,24789271,26.50
"Sporting Oliveira",Portugal,34652050,9883831,24768219,26.73
"KF Welski Sofia",Bulgarien,68305636,43655772,24649864,27.23
"AFK Amstetten",Österreich,30247745,5613811,24633934,27.95
"FSV Flensburg",Deutschland,259747125,235169645,24577480,25.38
"FSV Alm Bielefeld",Deutschland,58557251,34002808,24554443,25.86
"RV Bocholt 22",Belgien,36700398,12237916,24462482,26.26
"Deportiva Llagostera",Spanien,50205419,25825854,24379565,27.86
"KF Tărlungeni",Rumänien,30621398,6241835,24379563,26.27
"CD Málaga",Spanien,549518173,525147110,24371063,25.46
"Galicia Lugo",Spanien,68708592,44345997,24362595,27.26
"Cnopty Taraz",Kasachstan,39099073,14758141,24340932,26.09
"VS Angyal Budapest",Ungarn,65118810,40780352,24338458,27.00
"Lok Tambov",Russland,45289582,20960922,24328660,27.00
"Augsburger SV",Deutschland,85840562,61526538,24314024,26.20
"Atletic Pembroke",Malta,33648505,9362575,24285930,26.09
"FK Opuzen",Kroatien,28960908,4695111,24265797,26.05
"Ata Balıkesir",Türkei,48672730,24411890,24260840,27.50
"FKS Liefering",Österreich,64128810,39897102,24231708,27.50
"Lappi Rovaniemi",Finnland,73688082,49526981,24161101,27.59
"SFC Torino",Italien,55287117,31175633,24111484,28.14
"CS Villareal",Spanien,122025092,97974523,24050569,26.95
"Sport Qäbälä",Aserbaidschan,48002486,23971553,24030933,27.36
"Kenmare United",Irland,34751941,10732798,24019143,27.27
"TSV St. Florian",Österreich,33710470,9729626,23980844,27.09
"Esportiva Linares",Spanien,57499626,33551686,23947940,27.18
"Rayo Pobla de Mafumet",Spanien,40266891,16387348,23879543,26.82
"Naxxar Soccer",Malta,32369336,8494498,23874838,25.32
"Unión Toledo",Spanien,43070779,19207134,23863645,27.05
"Kotorosl Yaroslavl",Russland,39188292,15380232,23808060,27.09
"SSC Mosta",Malta,28087931,4282825,23805106,25.68
"Møre Kristiansund",Norwegen,33451069,9647752,23803317,27.09
"KF Olsztyn",Polen,28851778,5060922,23790856,26.91
"KS Kavajë",Albanien,42259611,18533092,23726519,25.96
"IFF Sterbæk",Norwegen,42794626,19072682,23721944,27.41
"Stormbars FK",Litauen,30454819,6744120,23710699,26.36
"AS Wasquehal",Frankreich,28293040,4614378,23678662,25.41
"Salò Calcio",Italien,44725548,21054354,23671194,27.09
"SC Mechelen 1905",Belgien,39162226,15498773,23663453,25.30
"Central Vigo",Spanien,48421466,24763699,23657767,28.73
"RSE Winkel",Belgien,35597669,11988277,23609392,25.38
"Intra Brașov",Rumänien,35735247,12133108,23602139,27.48
"Tineret Mioveni",Rumänien,37005429,13406959,23598470,26.95
Keçiürspor,Türkei,33451394,9859539,23591855,25.35
"Zhetsyu Qaraghandy",Kasachstan,30330785,6743764,23587021,26.23
"Tähti Tampere",Finnland,37598087,14022229,23575858,27.77
"Deportiva Fuenlabrada",Spanien,41526398,18029202,23497196,25.55
"Padova Este",Italien,27059147,3575990,23483157,26.91
"SD Amorebieta",Spanien,50154505,26688959,23465546,27.50
"Rakvera JK",Estland,60585143,37192280,23392863,27.42
"Eendracht Tiel",Niederlande,32480585,9123100,23357485,27.09
"RCD Sestao",Spanien,30017450,6672012,23345438,26.14
"CR Lučko",Kroatien,70395644,47076527,23319117,26.91
"TSV Kitzbühel",Österreich,59844918,36546482,23298436,26.26
"SC Hasselt-Kermt",Belgien,36048771,12778888,23269883,26.59
"SK Békéscsaba 1913",Ungarn,49029787,25870311,23159476,26.35
"Sumqayıt CF",Aserbaidschan,43980530,20853686,23126844,27.18
"ASK Petrovac",Montenegro,54970264,31881881,23088383,27.09
"BO Praha 1903",Tschechien,26662309,3575268,23087041,25.64
"CS Onda",Spanien,39422344,16358528,23063816,27.09
"DSK Fortuna Wien",Österreich,56639052,33578499,23060553,27.64
"VGI Uddevalla",Schweden,50569359,27525868,23043491,27.48
"VfL Velbert",Deutschland,62622761,39605410,23017351,26.68
"Preußen Unterföhring",Deutschland,339981228,316986141,22995087,24.27
"CSA Suceava",Rumänien,37644358,14654951,22989407,27.09
"Atletiek Aalst",Belgien,28825884,5846189,22979695,26.52
"Oblast Astrakhan",Russland,71714163,48738006,22976157,26.28
"FSK Salo",Finnland,40140571,17180058,22960513,27.32
"Unire Botoșani",Rumänien,63888585,40966565,22922020,27.55
"SS Pâncota",Rumänien,50950210,28102440,22847770,26.86
"FK Vrapče 76",Kroatien,43332202,20535820,22796382,27.64
"Scuderia Benedetto",Italien,33087902,10299011,22788891,27.64
"Ultra Dvor KF",Mazedonien,43664050,20875199,22788851,26.09
"Arbroath Soccer",Schottland,29539414,6836938,22702476,27.00
"SK Auster Lustenau",Österreich,41632784,18933678,22699106,28.27
"Tosca Lucchese",Italien,55255344,32557538,22697806,27.61
"FK Sachsen Aue",Deutschland,698937586,676243421,22694165,23.05
"Tromsødahl FK",Norwegen,29433499,6786837,22646662,27.14
"Telford Midland",England,71826955,49186372,22640583,26.00
"Clonmel Town",Irland,29858406,7226998,22631408,26.05
"Hull Tigers",England,75558767,52941851,22616916,27.78
"EU Gibraltar",Gibraltar,59852084,37262777,22589307,27.36
"Frihed Fredericia",Dänemark,31159862,8600480,22559382,27.27
"Signdal FK",Norwegen,29856874,7339739,22517135,26.77
"FC Panda Târgu Jiu",Rumänien,108437187,85935580,22501607,27.91
"Bangor Town",Wales,28370403,5938195,22432208,25.27
"FC Piacenza 1929",Italien,28433900,6007264,22426636,25.25
"Dagenham Athletic",England,30413612,7997438,22416174,26.18
"Peterhead United",Schottland,34969708,12583369,22386339,28.17
"AFK Anif",Österreich,35867479,13500481,22366998,27.55
"Royaal Anderlecht",Belgien,156686480,134328449,22358031,26.42
Apaçilespor,Türkei,37528488,15191147,22337341,27.55
"Mesta Bansko KF",Bulgarien,28411755,6091142,22320613,26.23
"Real Koksijde",Belgien,59268660,36953067,22315593,27.95
"Royal Londerzeel",Belgien,28307287,5991926,22315361,26.91
"ARAL Baku",Aserbaidschan,50133905,27836016,22297889,27.68
"Thessaly Trikala",Griechenland,50974926,28681748,22293178,27.86
"SSC Oldenburg",Deutschland,60257156,37986166,22270990,27.91
"FV Badalona",Spanien,29882305,7617751,22264554,27.09
"Inter Hamoir",Belgien,37481648,15223493,22258155,26.23
"AOL Satu Mare",Rumänien,38332755,16187818,22144937,26.95
"Fortuna Hennef",Deutschland,109096628,86967673,22128955,28.00
"Atlantika Klaipėda",Litauen,32117843,9998190,22119653,26.48
"Campania Benevento",Italien,33538947,11435558,22103389,26.45
"Olympia Berlin",Deutschland,46544788,24457412,22087376,27.05
"Eendracht Petegem",Belgien,46100647,24078537,22022110,26.87
"AS Mutilva",Spanien,28095323,6074402,22020921,26.55
"Motherwell Soccers",Schottland,81181827,59190412,21991415,28.00
"SSC Portimão",Portugal,32126424,10157747,21968677,28.27
"FK Eindhoven City",Niederlande,27791932,5840155,21951777,28.14
"Sverige Trelleborg",Schweden,55571070,33630312,21940758,26.64
"Vercelli Calcio",Italien,72987143,51089313,21897830,26.55
"KF Široki Brijeg 1948","Bosnien und Herzegowina",217280950,195397748,21883202,24.42
"Iris Saloniki",Griechenland,47125808,25265399,21860409,26.32
"Legnica FK",Polen,44465148,22615067,21850081,26.30
"SK Victoria St. Pölten",Österreich,29183295,7334904,21848391,26.00
"La Louvière City",Belgien,37769950,15958750,21811200,26.39
"AC Alessandria",Italien,37034834,15315513,21719321,25.32
"Gimnastico Astorga",Spanien,34651569,12999561,21652008,26.55
"Mazow Radom",Polen,30771126,9153483,21617643,26.83
"FK Kuopio",Finnland,36221638,14622986,21598652,27.86
"OL Våluronga",Norwegen,50672422,29093759,21578663,26.50
"FKP Timișoara",Rumänien,29063652,7494581,21569071,27.14
"Kufsteiner SSC",Österreich,136080823,114528688,21552135,26.00
"FK Kissamikos",Griechenland,40118819,18589921,21528898,25.14
"Atlético Gondomar",Portugal,31426819,9944909,21481910,24.91
"Bólt Tórshavn 36",Färöer,27206647,5742640,21464007,25.64
"FVV Hamburg",Deutschland,26586078,5158766,21427312,25.86
"Stal Kharkiv",Ukraine,58278313,36852890,21425423,27.59
"Sportivo Sabadell",Spanien,33727425,12335483,21391942,26.82
"SSC Kallithea",Griechenland,34275178,12892207,21382971,25.55
"Olimpia Novgorod",Russland,32611691,11230345,21381346,26.68
"Draak Hertogenbosch",Niederlande,98296693,76933639,21363054,27.32
"TKF 1915 Šamorín",Slowakei,30084375,8731670,21352705,27.09
"Everton Soccer",England,69527273,48233670,21293603,27.91
"Dynamit Moskva",Russland,48641524,27349689,21291835,27.50
"St. Naas 1922",Irland,37623175,16356532,21266643,26.39
"Royal PG Valladolid",Spanien,40274169,19067211,21206958,24.74
"Olympia Marseille",Frankreich,108454373,87259185,21195188,27.13
"FC Boşakşehir",Türkei,118296791,97127910,21168881,27.13
"FTE Gaillard",Frankreich,41039059,19873685,21165374,26.43
"KS Busu Velipojë",Albanien,58821427,37674749,21146678,26.36
"FC Belém",Portugal,36314381,15211434,21102947,27.41
"Hellas Sundbyberg",Schweden,41336798,20330847,21005951,27.27
"SK Kongsvinger 1893",Norwegen,42315017,21314915,21000102,26.82
"Ostia Roma",Italien,25650738,4686892,20963846,26.00
"Uerdinger FSK",Deutschland,33404812,12452034,20952778,26.13
"Jadera Zadar",Kroatien,30295309,9353724,20941585,26.18
"ASS Nieciecza",Polen,46785328,25909086,20876242,27.55
"CD León",Spanien,30938973,10080373,20858600,26.82
"SFC Krasnoyarsk",Russland,34770344,13921702,20848642,26.30
"Unione Cittadella",Italien,32125008,11320211,20804797,26.27
"Śląskie Bielsko-Biała",Polen,29219649,8426913,20792736,27.73
"Juventus Dogana",San Marino,25750049,4988286,20761763,27.00
"FV Doncla Praha",Tschechien,45173793,24413608,20760185,26.09
"Międzynar Bełchatów",Polen,27791921,7038980,20752941,26.41
"Sori Lugansk",Ukraine,32183262,11434564,20748698,26.59
"SpVgg Hauenstein",Deutschland,30369610,9634950,20734660,25.36
"SK Skive 1902",Dänemark,24173403,3456634,20716769,26.55
"Krško CFC",Slowenien,29294974,8594906,20700068,26.68
"FV Austrien Salzburg",Österreich,36381473,15683856,20697617,26.77
"Guiseley United",England,181097717,160511279,20586438,25.41
"FK Tarxien",Malta,31042280,10503813,20538467,27.23
"OL Grorud",Norwegen,27800429,7266580,20533849,26.82
"Toscana Pisa",Italien,40613488,20088282,20525206,25.95
"Union Scunthorpe",England,27164279,6652117,20512162,27.23
"Športno Gorica",Slowenien,52063774,31555290,20508484,27.00
"SK Sokolov",Tschechien,30035002,9562181,20472821,26.86
"KV Târgu Mureș",Rumänien,84804133,64334333,20469800,25.87
"FK Poissy",Frankreich,45360286,24992505,20367781,27.32
"Sportivo Reggio",Italien,41223943,20866880,20357063,26.41
"Tórniko Zabrze",Polen,29357106,9008776,20348330,25.14
"1. FC Neckarelz",Deutschland,24913467,4582863,20330604,25.27
"FK Cham",Schweiz,39391159,19089211,20301948,27.82
"Ponte Mozzano Calcio",Italien,24361674,4076699,20284975,27.09
"SS St. Martina Franca",Italien,26350487,6151907,20198580,26.05
"Sporting Boavista",Portugal,80477604,60300474,20177130,27.52
"Zhunit St. Peterburg",Russland,163083563,142924512,20159051,25.91
"Vitoria Constanța",Rumänien,47672841,27530416,20142425,27.45
"AFK Kapan",Armenien,42279041,22217474,20061567,27.05
"SK FC Leva",Estland,23702995,3670071,20032924,26.64
"Athletic Tuam",Irland,41207229,21233764,19973465,25.75
"NFV Meppen",Deutschland,42303371,22342556,19960815,26.09
"AS Strassen",Luxemburg,29602815,9678985,19923830,25.41
"POSK Saloniki",Griechenland,33308076,13397304,19910772,26.18
"SSC Tra Penía",San Marino,23829025,3996963,19832062,26.23
"Benzină Ploiești",Rumänien,36307374,16483548,19823826,27.00
"FCB Aubstadt",Deutschland,28968687,9147530,19821157,25.18
"Vidi Székesfehérvár",Ungarn,48378321,28570721,19807600,26.09
"Academica Cluj",Rumänien,38339364,18539149,19800215,26.91
"Brechin Town",Schottland,24693203,4962658,19730545,26.73
"IF Finnsnes 23",Norwegen,23298443,3643721,19654722,26.27
"SC Waller Seekirchen",Österreich,31968707,12379964,19588743,27.68
"Sportfreunde Spielberg",Deutschland,27605063,8171884,19433179,26.27
"Thuner SC",Schweiz,40620096,21243501,19376595,28.00
Ümrüsyespur,Türkei,27968919,8605856,19363063,26.23
"FKK Annabichl",Österreich,26076561,6717116,19359445,27.27
"KOZ Werkendam",Niederlande,36767647,17458255,19309392,26.18
"ZA Dniprodzerzhynsk",Ukraine,36491439,17199037,19292402,26.36
"RCD Sinarcas",Spanien,31450303,12195237,19255066,25.36
"Atleticó Sarno",Italien,30302841,11050975,19251866,26.18
"Torna Budaörs",Ungarn,27359208,8127033,19232175,26.59
Menemensport,Türkei,31592621,12390771,19201850,26.05
"Uyum Adana",Türkei,31489171,12290266,19198905,27.32
"Desportivo Famalicão",Portugal,24170294,4993092,19177202,25.77
"Unione Padova",Italien,30415421,11240610,19174811,26.78
"SL Hradiště",Tschechien,32253317,13109580,19143737,27.95
"Ipswich Boys",England,32051327,12934978,19116349,27.50
"Rudar Dob SK",Slowenien,45695608,26599093,19096515,27.86
"SBK Kaliningrad",Russland,23298168,4207806,19090362,26.78
"FV Radan Kotor",Montenegro,60554740,41470276,19084464,27.27
"AS Chișinău",Moldawien,28708294,9671188,19037106,26.82
"Tottenham Rooster",England,170186559,151188423,18998136,26.48
"Turpedia Armavir",Russland,31159223,12190405,18968818,27.26
"Ussi Yerevan",Armenien,27028010,8061561,18966449,26.41
"Union Toulouse",Frankreich,35701817,16749634,18952183,29.09
"Airdrie United",Schottland,24533256,5588731,18944525,26.59
"Sicilia Siracusa",Italien,40171438,21275819,18895619,26.68
"Goloboseray FK",Türkei,88156014,69318657,18837357,27.55
"LMS Lausanne 1943",Schweiz,34956298,16164473,18791825,27.09
"Essener TSV",Deutschland,23993702,5207256,18786446,26.00
"Vorvaard Haugesund",Norwegen,26959568,8222488,18737080,25.55
"FK Golfo di Stabia",Italien,22847999,4114407,18733592,24.31
"QSFC Dumfries",Schottland,41608777,22882000,18726777,27.35
"Rot-Weiß Ingolstadt",Deutschland,24349681,5629625,18720056,25.77
"Montrose City",Schottland,22897637,4217138,18680499,26.73
"RNK Walldorf",Deutschland,22812659,4133051,18679608,25.83
"Leyton London",England,29248185,10579204,18668981,28.00
"Intra Orašje","Bosnien und Herzegowina",27335363,8682842,18652521,26.91
"Uni Søborg",Dänemark,39696803,21044446,18652357,26.32
"Sheffield Oils",England,24446634,5798781,18647853,25.18
"SOF Angers",Frankreich,29653556,11007103,18646453,24.41
"KIS Vaasa",Finnland,24207574,5581319,18626255,26.14
"BO Norrby",Schweden,45948113,27335049,18613064,27.09
"NL Barendrecht",Niederlande,22446153,3833135,18613018,26.78
"ZS Luzern",Schweiz,29881568,11294410,18587158,27.41
"Juventus Prato",Italien,24781212,6242387,18538825,26.14
"Sliema Nomads",Malta,23198832,4660076,18538756,27.59
"Vitória Freamunde",Portugal,27730198,9204791,18525407,25.96
"KS Adanaspur",Türkei,32951431,14428144,18523287,27.14
"Speertak Praha",Tschechien,29752645,11244302,18508343,27.55
"SI Hobro",Dänemark,32054663,13563280,18491383,26.73
"Unirea Brăila",Rumänien,55575798,37085052,18490746,27.27
"SSK Šiauliai",Litauen,39617934,21129911,18488023,26.13
"IP Ljungskile",Schweden,24126711,5676868,18449843,25.45
"KV Aschtarak",Armenien,32011795,13563629,18448166,27.36
"FK Koprivnica",Kroatien,26077370,7631860,18445510,27.39
"KV Wohlen",Schweiz,38632632,20219409,18413223,26.00
"KV Tra Fiora",San Marino,86389459,68001431,18388028,27.30
"JK Tallinn",Estland,25192114,6820561,18371553,25.61
"Arsenal Mansfield",England,22477204,4106378,18370826,25.73
"ASS Södertälje",Schweden,24505937,6138027,18367910,26.50
"SC Livorno",Italien,28364321,10011882,18352439,26.91
"GKS Szczecin",Polen,91707466,73484340,18223126,27.61
"Sportiva Leioa",Spanien,22600391,4377672,18222719,28.45
"Rotherham County",England,22445781,4231470,18214311,27.23
"Tortona Calcio",Italien,21989688,3780860,18208828,26.26
"FK Storm Graz ",Österreich,133235687,115038766,18196921,26.95
"Walsall City",England,37468314,19295180,18173134,26.73
"Corby Athletic",England,22856711,4713884,18142827,26.36
"FC Petite Mbour",Lettland,27612048,9477432,18134616,27.23
"Jekla Kidričevo",Slowenien,33555029,15430445,18124584,26.32
"Østfold Fredrikstad",Norwegen,26805742,8696226,18109516,26.64
"Annan SC",Schottland,30978607,12908041,18070566,27.17
"KS Leftra Gjirokastër",Albanien,25436201,7372793,18063408,26.91
"FC Inter Znojmo",Tschechien,23220323,5178697,18041626,24.91
"FV Venlo 02",Niederlande,53282626,35248930,18033696,26.09
" YFC Diósgyőr",Ungarn,22514764,4494215,18020549,27.13
"KS Kamëz",Albanien,30273352,12264943,18008409,25.92
"Uni Murcia",Spanien,23391268,5396262,17995006,26.50
"Altrincham Trafford",England,21050845,3069959,17980886,27.27
"FK Nijmegen 1900",Niederlande,75388019,57409436,17978583,27.70
"JKB Mikkeli",Finnland,35226815,17256987,17969828,26.13
"Darkia Chișinău",Moldawien,61665662,43737709,17927953,26.91
"Bavaria Buchbach",Deutschland,32377259,14456640,17920619,27.23
"Ethnikos Volos",Griechenland,27024899,9117813,17907086,26.95
"Olympique Laval",Frankreich,59811384,41907847,17903537,26.59
"Lahut Idzevan",Armenien,38987593,21094771,17892822,29.14
"Fier Galați",Rumänien,31158204,13280193,17878011,27.09
"SVC Ekenäs",Finnland,24463884,6597263,17866621,27.64
"TSK Ivanovo",Russland,37038872,19209345,17829527,28.05
"Athlético Penafiel",Portugal,32406195,14589645,17816550,25.59
"ASK Paços de Ferreira",Portugal,321460313,303666090,17794223,26.78
"Atlético Línea",Spanien,21726769,3946163,17780606,25.64
Kayserikulübü,Türkei,23903663,6202603,17701060,27.59
"Rangers IF",Dänemark,43456810,25762143,17694667,27.23
"Diano FC",Lettland,27365791,9678639,17687152,25.79
"Hayes Swords",England,25387504,7833455,17554049,25.95
"FN Rotterdam",Niederlande,25351748,7798487,17553261,25.77
"FC Geras Basel",Schweiz,21560425,4014944,17545481,26.55
"TSV Zell am See",Österreich,50092582,32549437,17543145,26.68
"Yeovil Cherries",England,50297155,32767689,17529466,27.00
"Brianzoli Monza",Italien,23110121,5603998,17506123,26.05
"FK Ajaccio",Frankreich,21569465,4097990,17471475,27.68
"AS Vicenza",Italien,63731848,46275001,17456847,27.64
"Atletico Taranto",Italien,25204591,7763927,17440664,26.00
"Lomb Lumezzane",Italien,26941711,9515197,17426514,27.41
"Lazwáj Katowice",Polen,64832564,47449047,17383517,28.26
"FK Chambly",Frankreich,21246630,3888339,17358291,26.05
"Unione Spezia",Italien,57788206,40445534,17342672,26.91
"DC Drumcondra",Irland,22878301,5543059,17335242,25.77
"Coventry Town",England,27553395,10224120,17329275,27.18
"Volgar Saratov",Russland,24117317,6864427,17252890,26.77
"Gunçlorbirleği AK",Türkei,86695011,69452102,17242909,28.64
"QP Glasgow 1867",Schottland,38703232,21468291,17234941,27.41
"Peterborough Elitists",England,45837143,28636249,17200894,27.17
"Dalälven Borlänge",Schweden,25894441,8707721,17186720,25.91
"Chevrokry Głogów",Polen,26479681,9295674,17184007,26.96
"Victoria Düsseldorf",Deutschland,23023207,5846687,17176520,27.05
"Madeíro Funchal",Portugal,27843953,10729796,17114157,26.36
"FC Narva Buse",Estland,108264892,91212549,17052343,28.14
"Atlético Xàtiva",Spanien,31348541,14316140,17032401,26.91
"SC Agrigento",Italien,21880538,4863385,17017153,26.27
"IS Höllviken 1934",Schweden,26363150,9355642,17007508,26.14
"Holstein Flensburg",Deutschland,33351756,16353665,16998091,26.41
"Olympique Geel",Belgien,26741508,9745570,16995938,26.32
"Crawley Sports",England,24256007,7316683,16939324,26.35
"Zhkupje CF",Mazedonien,29232688,12322837,16909851,26.95
"RSD Santander",Spanien,54510093,37624102,16885991,27.05
"Kesımboşaspar FK",Türkei,43015138,26151161,16863977,25.82
"SSV Modena",Italien,42280856,25424847,16856009,26.68
"FC Pagani",Italien,23362353,6507476,16854877,27.41
"SSC Cremona",Italien,28613879,11778787,16835092,28.23
"Union Weiz",Österreich,46683106,29895801,16787305,28.39
"SAT Velsen",Niederlande,42583138,25838724,16744414,27.68
"US Lyon 1965",Frankreich,20867410,4124095,16743315,27.00
"Racing SC Liège",Belgien,22795118,6057668,16737450,26.41
"Visina Ivanjica",Serbien,22075448,5367964,16707484,26.59
"Pohjanmaa Seinäjocki",Finnland,32913670,16232386,16681284,26.45
"NK Niš",Serbien,46396831,29752365,16644466,26.82
"Spartak Nizhnekamsk",Russland,27214734,10627275,16587459,27.05
"FC Tiber",Italien,33369580,16819506,16550074,27.23
"Uniona Matera",Italien,20815090,4281767,16533323,26.59
"Intra Baku",Aserbaidschan,24053731,7531758,16521973,26.86
"AK Istočno 1909","Bosnien und Herzegowina",36237877,19735136,16502741,26.91
"Gaz Pskov",Russland,23894445,7403838,16490607,26.50
"Olimpic Cobh",Irland,35442365,19000629,16441736,26.41
"SA Vaskalund",Schweden,21582655,5152663,16429992,25.57
"KS Besëlithia Lezhë",Albanien,33804989,17389427,16415562,27.41
"Cherkasy FC",Ukraine,28733882,12324729,16409153,26.09
"EF Deinze",Belgien,31644616,15285547,16359069,26.45
"USC Allerheiligen",Österreich,26534874,10202905,16331969,26.95
"Italia Santarcangelo",Italien,32725869,16396717,16329152,27.13
"Íþróttir Hafnarfjörður",Island,29970033,13703445,16266588,25.74
"Sportiva Caserta",Italien,24356292,8098746,16257546,26.45
"Zemlja Bălți",Moldawien,23156145,6901126,16255019,25.64
"KF Dunajská 1905",Slowakei,54622941,38368312,16254629,26.18
"FC Ballinamallard",Nordirland,55941994,39724376,16217618,26.91
"CF Croix",Frankreich,31628059,15415242,16212817,27.30
"Scezny Pruszków",Polen,25237647,9041556,16196091,27.59
"Kriti Platanias",Griechenland,57146281,40953914,16192367,28.23
"Union Kutaisi",Georgien,28835238,12648426,16186812,27.41
"Zmajevi Gradačac","Bosnien und Herzegowina",91051691,74894060,16157631,27.88
Şunıarfanorspor,Türkei,23701480,7547906,16153574,28.18
"Dundee FK",Schottland,19933213,3833207,16100006,25.96
"AS Jerez",Spanien,20466092,4367942,16098150,27.18
"Shrewsbury United",England,56555409,40477087,16078322,28.73
"Torpdeo Slutsk",Weißrussland,64283093,48218505,16064588,27.70
"Haffa FC",Israel,30917856,14865798,16052058,27.05
"ASS Nardò",Italien,28997773,12960015,16037758,25.78
"Asınördü İzmir",Türkei,20660526,4657578,16002948,26.05
"KF Libertatis",San Marino,36196550,20219361,15977189,25.43
"SK Ankarügücü",Türkei,33254041,17294408,15959633,27.41
"Burnley Clarets",England,20851339,4905487,15945852,27.00
"DB Spakenburg",Niederlande,19784502,3856475,15928027,25.95
"Gimnastikos Argos",Griechenland,33068926,17140919,15928007,27.61
"Dnepr Zaporizhya",Ukraine,25232910,9305885,15927025,27.55
"Brentford Bees",England,58807914,42899173,15908741,27.42
"Puglia Andria",Italien,26667379,10773875,15893504,27.91
"SV Kalsdorf",Österreich,22564250,6672921,15891329,26.64
"Hemmerup AK",Dänemark,23194773,7397190,15797583,26.86
"Umbria Folignese",Italien,20283316,4503008,15780308,26.77
"GK Kauniainen",Finnland,38465848,22705630,15760218,28.23
"Žuti Visoko","Bosnien und Herzegowina",29246734,13510000,15736734,27.18
"Naardvo NK",Norwegen,24027111,8323768,15703343,25.09
"Soccer Burreli",Albanien,20774201,5075008,15699193,27.23
"VFC Zlaté Moravce",Slowakei,28533184,12866236,15666948,25.36
"TuS Meerbusch 65",Deutschland,27324029,11669573,15654456,26.91
"KF Sezimovo Ústí",Tschechien,19882049,4242976,15639073,27.32
"Zavrč FK",Slowenien,72534400,56914627,15619773,27.65
"Royal Jaén",Spanien,37092212,21480413,15611799,27.65
"FK Gračanica","Bosnien und Herzegowina",32469998,16888732,15581266,28.64
"Sporting Pontisola",Italien,22936209,7362396,15573813,27.04
"IK Ängelholm",Schweden,40620639,25054495,15566144,27.13
"Veržej SC",Slowenien,19946306,4383423,15562883,27.86
"Atlético Varzim",Portugal,32205635,16648816,15556819,27.86
"FC Caen",Frankreich,39088598,23532678,15555920,27.27
"VIK Helsinki",Finnland,47353108,31808431,15544677,26.35
"SK Yuzhno",Russland,28521438,13021087,15500351,27.64
"VF Groningen",Niederlande,30172676,14677566,15495110,27.00
"Sportska Gabela","Bosnien und Herzegowina",22549751,7072007,15477744,28.09
"KF Rila Razlog",Bulgarien,40305727,24833148,15472579,26.83
"1. FFC Simmering",Österreich,20096460,4636179,15460281,25.82
"Woolfield FC",Nordirland,24185932,8726329,15459603,28.18
"Union Stadlau",Österreich,33030112,17576075,15454037,25.45
"FK St. Mirror",Schottland,42833888,27387423,15446465,26.70
"FK Parndorf",Österreich,26612646,11193468,15419178,26.96
"Robot Skopje",Mazedonien,21253917,5836734,15417183,27.14
"Universitate Clinceni",Rumänien,20587466,5180727,15406739,26.95
"Maccabi SC TA",Israel,31913815,16512606,15401209,26.86
"Intra Avellino",Italien,57672869,42330934,15341935,26.73
"KS Mamur",Albanien,19785408,4445422,15339986,27.61
"Northfleet Conquerors",England,116961383,101639772,15321611,27.18
"UD Portugalete",Spanien,32076723,16758650,15318073,26.95
"Benfica Luxemburg",Luxemburg,20317520,5003951,15313569,27.45
"Tolmin CF",Slowenien,22433784,7131574,15302210,25.59
"Concordie Constanța",Rumänien,41781638,26482129,15299509,27.64
"Olympique Lausanne",Schweiz,19559247,4268324,15290923,25.68
"RCD L’Hospitalet",Spanien,60769074,45519510,15249564,26.23
"Longford City",Irland,19381685,4133227,15248458,26.09
"ASS Dundee",Schottland,25804125,10566591,15237534,28.14
"US Lepe",Spanien,56372078,41140969,15231109,26.48
"FV Dumbarton 1871",Schottland,40767411,25537986,15229425,27.77
"Inter Olbia",Italien,20174506,4989587,15184919,27.09
"SCC Târgovişte",Rumänien,19390363,4233779,15156584,27.09
"Ballybofey FC",Irland,25835433,10695740,15139693,28.14
"NK Prijedor","Bosnien und Herzegowina",31467795,16341978,15125817,28.68
"Kriger Helsingør",Dänemark,29650638,14538945,15111693,27.95
"FK Differdange",Luxemburg,38839389,23797512,15041877,27.26
"AK Wallern",Österreich,20772520,5747423,15025097,26.64
"SE Zalaegerszeg",Ungarn,21902207,6883789,15018418,26.00
"Greenock AFK",Schottland,41462885,26468575,14994310,26.00
"Dinamo Bolnisi",Georgien,43044666,28079098,14965568,27.50
"Zenita Kranj",Slowenien,23519318,8558714,14960604,25.86
"MFC Budapest",Ungarn,23204622,8263329,14941293,28.91
"Konyaaltı Antalya",Türkei,28547072,13645021,14902051,27.26
"ASS Gibraltar",Gibraltar,20638417,5744855,14893562,25.73
"FT Grenoble",Frankreich,33535183,18641989,14893194,26.61
"Usk Newport",England,20173304,5328007,14845297,25.57
"Mladi Podgorica FK",Montenegro,129230450,114401883,14828567,25.76
"FK Neretva Mostar","Bosnien und Herzegowina",44217206,29399853,14817353,27.46
"Sportski Imotski",Kroatien,46954907,32153817,14801090,28.64
"RSV Lingen",Deutschland,20445874,5662839,14783035,25.45
"FC Kristianstad",Schweden,20735976,5964780,14771196,25.18
"AC Empoli",Italien,23754987,8989449,14765538,27.86
"Mitchelstown CF",Irland,20100595,5351180,14749415,26.41
"FVA Hard",Österreich,28209949,13515256,14694693,27.48
"Inter Floriana",Malta,60172583,45479221,14693362,27.32
"Rata Macerata 1919",Italien,27848094,13188160,14659934,26.87
"Københavner FK",Dänemark,31330641,16683082,14647559,25.68
"Watford Elks",England,20492820,5871662,14621158,26.91
"Lombardia Como",Italien,25356353,10739776,14616577,27.74
"Juvento Viterbo",Italien,30083391,15536818,14546573,25.55
"Ejderi Kayseri",Türkei,19337497,4797700,14539797,26.23
"Gainsborough United",England,20277915,5763208,14514707,26.61
"Berwick Rovers",Schottland,18778746,4273612,14505134,25.68
"WSV Kristall Wattens",Österreich,30263677,15764109,14499568,27.36
"FK Nancy",Frankreich,95438136,80987025,14451111,26.70
"Lealta Villaviciosa",Spanien,20841944,6448148,14393796,27.23
"Wolverhampton Town",England,31553413,17166424,14386989,26.68
"Juventude Sines",Portugal,23970316,9597686,14372630,25.86
"Zmajevi Voždovac",Serbien,59258897,44892103,14366794,28.09
"Vlaanderen Hamme",Belgien,20055060,5699590,14355470,26.95
"SSC Leffe-Albino",Italien,26006250,11668839,14337411,26.64
"Pomorskie Bytów",Polen,48453872,34117664,14336208,27.17
"RSD Lucena",Spanien,21864047,7539130,14324917,27.45
"KSK Radomlje",Slowenien,33440987,19121569,14319418,28.50
"SC Ballymena",Nordirland,29340987,15059162,14281825,25.91
"Sterk Kristiansand",Norwegen,20049894,5785587,14264307,24.77
"Dynamit Zagreb",Kroatien,54861267,40698123,14163144,28.64
"Podla Białystok",Polen,36245452,22092696,14152756,26.32
"Santiago Somozas",Spanien,44117484,29972329,14145155,27.14
"POK Livadia",Griechenland,18800862,4655772,14145090,26.35
"FC Tbilisi",Georgien,26518644,12390443,14128201,28.36
"FC Deutschlandsberg",Österreich,31190375,17067741,14122634,25.70
"Horner SC",Österreich,34342334,20236417,14105917,26.09
"SK Frýdek-Místek 1921",Tschechien,44537052,30435323,14101729,27.41
"FV Olot",Spanien,19656721,5558455,14098266,27.04
"Agrar FB",Färöer,43826460,29734032,14092428,26.14
"TB Overijse 76",Belgien,17554644,3544131,14010513,27.23
"AS Chico Redondela",Spanien,21369553,7362147,14007406,26.50
"NSK Olimpiko","Bosnien und Herzegowina",67639722,53637773,14001949,27.26
"Ariana Limassol",Zypern,32387776,18409422,13978354,27.14
"KS Chojnice 35",Polen,20741028,6810542,13930486,26.27
"SWK Bregenz",Österreich,21046881,7138045,13908836,26.36
"AS Dunărea Giurgiu",Rumänien,64003772,50102813,13900959,26.95
"Real Majadahonda",Spanien,18324532,4457955,13866577,25.29
"Spartak Izhevsk",Russland,17631855,3780044,13851811,26.77
"Lyrtish Pavlodar",Kasachstan,47175549,33345538,13830011,27.74
"Virtus Montecatini",Italien,29002053,15176937,13825116,27.68
"VfL Hof",Deutschland,20609014,6795949,13813065,25.73
"Zhim Tomsk",Russland,21681184,7879857,13801327,26.68
"SC Pontedera",Italien,26764104,12968365,13795739,26.09
"Avanti Siena",Italien,51426180,37649449,13776731,26.77
"AS Cailungo",San Marino,29557026,15781588,13775438,25.95
"Čukarički Belgrad",Serbien,62309619,48536860,13772759,26.45
"NB Helmond",Niederlande,25952579,12179836,13772743,27.48
"CP Escola Lisboa",Portugal,17722141,3991329,13730812,27.14
"Valby BK",Dänemark,18043368,4317642,13725726,25.59
"Napk Mykolaiv",Ukraine,17677711,3958749,13718962,26.23
"Rädan Baku",Aserbaidschan,25776852,12066549,13710303,27.41
"Omla Čakovec",Kroatien,26786304,13094901,13691403,27.05
"Saimaa Joutseno",Finnland,59791055,46123438,13667617,28.36
"ALS Auxerre",Frankreich,34887340,21232633,13654707,26.48
"SH Hammarby",Schweden,39167380,25566259,13601121,27.45
"Oxford Bulls",England,51491554,37902473,13589081,26.27
"FK Veľký Meder",Slowakei,17707771,4125567,13582204,26.35
"Stranraer FV",Schottland,22270852,8747232,13523620,27.86
"FV Bari",Italien,30420253,16937784,13482469,27.61
"FK Rio do Conde",Portugal,22895957,9428409,13467548,26.35
"FK Pirin Simitli",Bulgarien,22496031,9065261,13430770,26.87
"Fortuna Dudelange",Luxemburg,21474825,8044692,13430133,25.43
"Lood Volendam",Niederlande,17338900,3911172,13427728,26.41
"CA Girona",Spanien,18906498,5486152,13420346,24.91
Hecattespur,Türkei,27192458,13793318,13399140,26.59
"SW Bocholt",Deutschland,18404610,5059633,13344977,26.32
"Loktàk Králové",Tschechien,31658479,18317355,13341124,27.50
"Täby IF",Schweden,28721254,15386827,13334427,26.41
"Unione Terni",Italien,26722308,13402009,13320299,26.36
"Sportowy Tosno",Russland,44890538,31573981,13316557,27.00
"Société Maasmechelen",Belgien,28755882,15448343,13307539,28.32
"FC Helsingborg",Schweden,17211651,3918513,13293138,26.73
"Depor Mieres",Spanien,17014896,3742796,13272100,27.17
"Beštije Kotor",Montenegro,43200616,29937333,13263283,26.26
"Ellada Partras",Griechenland,21126688,7870943,13255745,25.55
"Könizer SK",Schweiz,303174502,289921535,13252967,27.22
"Manchester Town",England,149340989,136094650,13246339,23.39
"FF Gerasdorf",Österreich,24924018,11716230,13207788,24.87
"Fiskeri Esbjerg",Dänemark,34480740,21290503,13190237,27.57
"SC Bad Treibach",Österreich,36888979,23702372,13186607,25.61
"Victoria Hartlepool",England,18648713,5492204,13156509,26.59
"SI Atlet Göteborg",Schweden,19612118,6473848,13138270,26.64
"GIF Kalmar",Schweden,33769186,20678513,13090673,27.86
"FV Vaduz 1935",Schweiz,51506585,38422764,13083821,29.68
"Army Fleetwood",England,344569716,331500006,13069710,26.32
"SSU Catanzaro",Italien,24583098,11520814,13062284,26.55
"KON Maassluis",Niederlande,19874285,6822946,13051339,25.57
"Saksahan Kryvyi",Ukraine,19587933,6549103,13038830,25.61
"Atom Peristeri",Griechenland,38886654,25847844,13038810,27.32
"FC Kurait Almaty",Kasachstan,91372434,78343856,13028578,28.36
"JK Linname",Estland,28386445,15362078,13024367,25.91
"SSC Zwolle 91",Niederlande,19874531,6940776,12933755,26.45
"Sport Örebro",Schweden,16854988,3943853,12911135,26.57
"Inter Campodarsego",Italien,23036614,10133470,12903144,26.95
"Norté Fafa",Portugal,33252031,20368599,12883432,28.36
"Røga Egersund",Norwegen,29991554,17112505,12879049,27.05
"Genua Calcio",Italien,20941001,8063041,12877960,25.68
"Atletický Myjava",Slowakei,24027949,11154655,12873294,26.59
"TSV Amberg 1985",Deutschland,24361269,11489047,12872222,26.91
"ARA Södertälje",Schweden,16386903,3534798,12852105,27.41
"Eintracht Fürstenwalde",Deutschland,19449731,6603397,12846334,25.68
"SC Nei Tel-Aviv",Israel,62266159,49421925,12844234,28.59
"Intra Pordenone",Italien,18757480,5953447,12804033,27.64
"SL Béziers",Frankreich,25803068,13000052,12803016,26.50
"FV Porto",Portugal,51641618,38861170,12780448,27.91
"Solyaransk Moskva",Russland,19771294,7009246,12762048,26.04
"Srednjo Vitez","Bosnien und Herzegowina",20258229,7504108,12754121,26.68
"Eintracht Hadamar",Deutschland,19631305,6887709,12743596,27.14
"FK Petrol Hîncești",Moldawien,42475886,29736898,12738988,27.30
"Sportive Tours",Frankreich,17942037,5223955,12718082,27.13
"Yelisa Kirovohrad",Ukraine,24905671,12188846,12716825,26.86
"NES Famagusta",Zypern,38499724,25812859,12686865,25.77
"Old Boys Antwerpen",Belgien,17733791,5054660,12679131,25.05
"Vejle FF",Dänemark,22988036,10312842,12675194,25.91
"Alemannia Marl-Hüls",Deutschland,17008972,4343109,12665863,25.48
"Zefçi Baku",Aserbaidschan,82401718,69751425,12650293,26.00
"Sportiva Matelica",Italien,18653972,6014200,12639772,26.27
"Concordia Rieti",Italien,21230326,8599041,12631285,25.57
"Lokhtar Soligorsk",Weißrussland,47975889,35345747,12630142,26.77
Karşıyakspor,Türkei,20945606,8335698,12609908,27.73
"FC Mytilene 1995",Griechenland,17822822,5220735,12602087,25.73
"KFB Gaziantep",Türkei,16739158,4145940,12593218,28.18
"St. Portadown 25",Nordirland,30668289,18081879,12586410,27.18
"NK Veduž Mostar","Bosnien und Herzegowina",19174451,6593908,12580543,25.95
"Sportivo Aves",Portugal,16244222,3664598,12579624,26.23
"TSK Hartberg",Österreich,28558967,15980231,12578736,27.50
"FK Una Bihać","Bosnien und Herzegowina",36808947,24247933,12561014,27.32
"WAL Walhain",Belgien,17173549,4619680,12553869,26.09
"Uni Svishtov 48",Bulgarien,17129549,4584661,12544888,27.73
"AFK Osijek",Kroatien,91420145,78902308,12517837,28.86
"FK Banana Yerevan",Armenien,70445865,57931040,12514825,27.64
"Hellas Agrinio",Griechenland,20010131,7504819,12505312,26.77
"FK Gliwice",Polen,97944375,85462941,12481434,27.73
"FS Serravalle",San Marino,22355392,9873983,12481409,25.74
"CD Urduliz",Spanien,20788193,8315335,12472858,27.00
"SP Palma de Inca",Spanien,31388955,18916878,12472077,26.52
"Sportska Pleven",Bulgarien,17266799,4804035,12462764,27.27
"Rapide Lens",Frankreich,44409503,31975316,12434187,28.18
"RSD Ferrol",Spanien,35886418,23453260,12433158,27.23
"Sportivo Mondorf",Luxemburg,51026474,38613949,12412525,27.77
"RW Beckum",Deutschland,16962538,4551741,12410797,26.78
"Club Heist",Belgien,17985129,5580498,12404631,26.83
"KF Lamia 1965",Griechenland,19977226,7603517,12373709,26.55
"Thraki Komotini",Griechenland,19588580,7230617,12357963,27.95
"SAK Helsinki",Finnland,64466672,52138917,12327755,27.59
"CS Marbella",Spanien,30080024,17761363,12318661,26.22
"Roskilde Island",Dänemark,29550713,17247917,12302796,26.26
"Atlético Montañesa",Spanien,24438333,12140589,12297744,25.45
"Realstar Bruxelles",Belgien,23807289,11509548,12297741,26.14
"AS Caronno-Pertusella",Italien,20402927,8131654,12271273,25.95
"Uzhi Makhachkala",Russland,25236083,12968649,12267434,25.09
"Sportivo Alaves",Spanien,119472953,107208232,12264721,28.86
"AS Perugia",Italien,40986105,28723342,12262763,28.82
"ZSK Omsk",Russland,18104944,5851556,12253388,26.77
"RCD Formentera",Spanien,16925696,4692544,12233152,26.50
Adalanyasport,Türkei,21196892,8973432,12223460,27.73
"Calcio Legnago",Italien,15777840,3557541,12220299,26.27
"Anastasiou Karditsa",Griechenland,30816829,18598102,12218727,26.09
"Esportiu Reus",Spanien,46671878,34456366,12215512,26.23
"BK Mjällby",Schweden,24431811,12222297,12209514,26.23
"Portsmouth City",England,34969525,22776785,12192740,25.46
"SSC Bournemouth 1902",England,18673383,6488086,12185297,27.32
"Unì Viseu",Portugal,25190648,13008845,12181803,26.91
"Sligo Randers",Irland,30698739,18565728,12133011,27.00
"Hocruxo Vigo",Spanien,20446494,8314217,12132277,27.86
"KF Pojorâta 2012",Rumänien,28446654,16326307,12120347,27.09
"Sankt Brest FK",Weißrussland,26325400,14217293,12108107,26.77
"Västra Borås ",Schweden,44971257,32871263,12099994,28.00
"Karlstad City",Schweden,22041493,9949018,12092475,26.68
"Väsby Soccer",Schweden,49370370,37278786,12091584,26.35
"SA Jura Sued",Frankreich,59424941,47346826,12078115,28.82
"SSC Cesena",Italien,43620347,31592591,12027756,26.52
"Athlitikó Serres",Griechenland,34673830,22648012,12025818,27.23
"IFK Stømsgudsot",Norwegen,16598727,4578640,12020087,27.32
"Osser FK",Niederlande,37982218,25968557,12013661,25.73
"FC Angelen",Gibraltar,23127624,11136098,11991526,27.41
"Herakles Verona",Italien,23053204,11061924,11991280,27.64
"WF Gullegem",Belgien,30077791,18088206,11989585,26.39
"Llandudno Town",Wales,23763271,11788451,11974820,25.68
"Phoenix Yerevan",Armenien,69510725,57547765,11962960,28.05
"SL Martin 1995",Slowakei,32463458,20501809,11961649,27.86
"Real Mouscron",Belgien,25362059,13405516,11956543,27.00
"Breda FC",Niederlande,57957760,46025688,11932072,27.14
"NL Coatbridge Rovers",Schottland,24481838,12566125,11915713,26.22
"Nailsworth FC",England,17071097,5173270,11897827,25.68
"WB Sterren",Belgien,60997076,49101214,11895862,29.32
"KN Galebi",Slowenien,53384980,41490709,11894271,28.00
"Atlétika Csákvár",Ungarn,20593888,8721065,11872823,26.77
"SGE Rheine",Deutschland,17957379,6101862,11855517,25.55
"Weisheł Płock",Polen,16291058,4462672,11828386,26.73
"Borussia Wuppertal",Deutschland,30000833,18173446,11827387,26.61
"SK Strømmen",Norwegen,19654795,7844043,11810752,26.04
"FS Brøndby",Dänemark,43579367,31789494,11789873,29.45
"Bulgaria Panagyurishte",Bulgarien,36349471,24587415,11762056,28.35
"Luleå SK",Schweden,33843817,22085467,11758350,27.78
"RSC Genéve",Schweiz,24944949,13200582,11744367,27.04
"Inter Kajaani",Finnland,18989058,7268781,11720277,26.36
"Sportivo Cuneo",Italien,20330397,8637588,11692809,26.86
"FSC Setúbal",Portugal,20360890,8671594,11689296,26.45
"IF Ranheim",Norwegen,31762272,20073094,11689178,25.87
"Eintracht Luckenwalde",Deutschland,47669791,36018907,11650884,25.95
"Unión Elda",Spanien,24745411,13104990,11640421,27.14
"GV Barcelos",Portugal,27806535,16181543,11624992,28.26
"Saransk CF",Russland,16846275,5221792,11624483,26.77
"Arsenal Horsens",Dänemark,35294372,23674347,11620025,27.09
"Depur San Fernando",Spanien,15603478,3984843,11618635,26.70
"AS Boulonnais",Frankreich,39927138,28315061,11612077,28.09
"Moravica Lučani",Serbien,31743868,20152853,11591015,26.00
"NN Tromsø",Norwegen,17513553,5926819,11586734,26.68
"Norwich Soccer",England,22470216,10892103,11578113,26.30
"PJ Tukru 1923",Finnland,49735820,38220345,11515475,27.09
"Toten Raufoss",Norwegen,19378324,7896607,11481717,25.68
"AC Agropoli 1925",Italien,16573346,5092504,11480842,27.32
"Záhorie Skalica",Slowakei,25991016,14512870,11478146,26.95
"Sportsklub Odense",Dänemark,214709017,203244644,11464373,23.78
"Zaan Alkmaar",Niederlande,18543088,7089476,11453612,27.55
"Dukla Příbram",Tschechien,17237244,5783731,11453513,26.77
"Taurul Chișinău",Moldawien,36297981,24871970,11426011,27.26
"Falkirk United",Schottland,22602733,11200843,11401890,27.55
"Lincool FC",Gibraltar,45944503,34544693,11399810,25.52
"Zinter Golubovci",Montenegro,34165322,22792812,11372510,26.27
"KFS Acharnes",Griechenland,34136611,22768130,11368481,26.64
Göztepspor,Türkei,16318924,4951956,11366968,25.87
"Accrington Albion",England,20354821,9015879,11338942,25.87
"VfB Zwettl",Österreich,37845686,26530748,11314938,27.29
"AFK Svätý Jur",Slowakei,16619191,5314643,11304548,26.64
"Hansa Barmbek",Deutschland,20805459,9525157,11280302,27.23
"Wésłav Kraków",Polen,23492675,12221715,11270960,28.05
"SCF Cowdenbeath",Schottland,21687854,10441384,11246470,26.41
"Young Boys Zürich",Schweiz,25900288,14665116,11235172,27.05
"Ružomberok FC",Slowakei,78686726,67459245,11227481,26.96
"KB Sarıyer",Türkei,18779035,7585762,11193273,27.77
"Sporting Lecco",Italien,21917019,10732872,11184147,27.14
"Royal Tilburg",Niederlande,16246158,5063889,11182269,25.82
"STG Sannois Foot",Frankreich,47469446,36298859,11170587,28.23
"ZH Winterthur",Schweiz,24676459,13519350,11157109,26.95
"FC Mattersburg 1921",Österreich,374097526,362975289,11122237,26.23
"Škundelja Tetovo",Mazedonien,46076005,34954418,11121587,28.59
"FV Maribor 61",Slowenien,38106756,26987437,11119319,25.91
"SFC Grieskirchen",Österreich,14845557,3733673,11111884,26.95
"RCD Numancia",Spanien,65593977,54494147,11099830,27.73
"ASL Šenčur 52",Slowenien,32895618,21800533,11095085,26.64
Bündımaspor,Türkei,18807987,7727455,11080532,27.05
"ASC Dakari",Lettland,27283045,16206057,11076988,27.77
"Baden Bahlingen",Deutschland,16866492,5799656,11066836,25.83
"Sportivo Navalcarnero",Spanien,15483405,4420558,11062847,27.48
"GSI Örgryte",Schweden,16675037,5638664,11036373,25.27
"SF Trabzon 2007",Türkei,20558389,9526488,11031901,27.00
"Racing Amiens",Frankreich,21608754,10578713,11030041,25.18
"Metal Berceni",Rumänien,21481337,10454903,11026434,28.32
"Häcken GB",Schweden,20064971,9051678,11013293,26.27
"AS Le Havre",Frankreich,34649435,23680806,10968629,25.95
"VL Degerfors",Schweden,17631376,6683195,10948181,25.50
"Sicilia Catania",Italien,24794432,13855219,10939213,27.09
"Cherno Burgas",Bulgarien,22612549,11677904,10934645,27.00
"Atletico Forlì",Italien,17730147,6847375,10882772,26.52
"Viktoria Jihlava",Tschechien,18777347,7897819,10879528,26.55
"Belediye Aydin",Türkei,28788089,17917183,10870906,26.96
"Intra Sozopol",Bulgarien,27348475,16480545,10867930,27.77
"FK Poznań 1923",Polen,49519057,38655023,10864034,28.45
"Veneto Bassani",Italien,43383288,32530471,10852817,27.00
"AS Metz",Frankreich,21580300,10733363,10846937,27.05
"ZA Ebro",Spanien,14418253,3618673,10799580,27.68
"Lipany FK",Slowakei,15048964,4250133,10798831,26.64
"FK Mezdra",Bulgarien,27880461,17095661,10784800,28.14
"Electric Aldershot",England,15475392,4702309,10773083,25.55
"Høgesund FC",Norwegen,38418054,27662128,10755926,27.22
"FSC Neumarkt a.W.",Österreich,17696623,6947370,10749253,26.23
"SSC Wörgl",Österreich,14458606,3719870,10738736,26.09
"Kriminalno Split",Kroatien,84107576,73370204,10737372,26.77
"Herakles Thessaloniki ",Griechenland,66507613,55792386,10715227,26.00
"SBK Pfullendorf",Deutschland,23692087,12981946,10710141,27.91
Peçzlikspocht,Türkei,15825641,5119536,10706105,27.50
"Emilia Bologna",Italien,39209727,28507544,10702183,28.09
"VfR Neuenkirchen",Deutschland,17916388,7219717,10696671,27.77
"FA Fuglafjørður",Färöer,17238505,6582562,10655943,27.17
"Union Neusiedl am See",Österreich,17809965,7157218,10652747,26.27
"Sunderland City",England,33838846,23195997,10642849,25.96
"FK Schwaz",Österreich,32036598,21396015,10640583,27.82
"Sportive Virton",Belgien,27823789,17188608,10635181,28.14
"FC Phynx",Gibraltar,16739487,6112991,10626496,26.36
"Glacia SC",Gibraltar,16521088,5895660,10625428,27.05
"Union Bellinzago CF",Italien,14063654,3476247,10587407,25.36
"HFV Wiesbaden",Deutschland,13994525,3409277,10585248,27.05
"Tombola Tuzla","Bosnien und Herzegowina",24682937,14103170,10579767,27.77
"PV Stoke 1875",England,38566672,28010682,10555990,28.00
"VF Göteborg",Schweden,34973363,24417861,10555502,26.29
"1. SC Pardubice",Tschechien,18122334,7570973,10551361,26.95
"Sporting Aarau",Schweiz,33654003,23105220,10548783,27.59
"SSC Leeuwarden",Niederlande,36609050,26086186,10522864,27.18
Balosport,Türkei,14605483,4083439,10522044,27.26
"AFC Milton Keynes 05",England,14847952,4340197,10507755,25.14
"Atlético Tarragona",Spanien,32173930,21666366,10507564,27.00
"Lazio Latina",Italien,17434211,6932010,10502201,26.45
"Aigionikos FC",Griechenland,15075478,4578033,10497445,26.59
"Atletiek Westerlo",Belgien,25139984,14647160,10492824,25.96
"Mencza Brzesko",Polen,26225842,15736653,10489189,26.22
"Unionò Belluno",Italien,17149485,6667213,10482272,26.55
"Sportivo Frosinone",Italien,25600865,15122908,10477957,26.52
"NK Sarajevo","Bosnien und Herzegowina",60594317,50120578,10473739,28.27
"CR Krapina",Kroatien,16316464,5852395,10464069,26.96
"Fortuna Heidenheim",Deutschland,36821395,26362160,10459235,27.14
"Cycle Brugge FC",Belgien,34174536,23720371,10454165,27.41
"Glückauf Köln 1950",Deutschland,114332369,103896954,10435415,26.86
"SC Guédiawaye",Lettland,23694061,13272383,10421678,26.43
"Rader Skopje",Mazedonien,19522416,9103948,10418468,27.09
"KSK Gent",Belgien,115790066,105387550,10402516,28.41
"FC Miranda",Spanien,69633562,59235205,10398357,26.78
"VfB Pyrbaum",Deutschland,14339334,3958837,10380497,25.27
"Concord Bishops",England,23348958,12968761,10380197,27.50
"VK Norðragøta",Färöer,42376078,32015673,10360405,28.68
"Southend Athletics",England,15978584,5623596,10354988,25.95
"FC Florell",Estland,60335354,49997681,10337673,27.45
"VV Dessel Kings",Belgien,19303972,8967428,10336544,26.55
"Hednesford Unity",England,15693139,5356953,10336186,24.74
"HB Edinburgh",Schottland,16750622,6416087,10334535,26.05
"Cannon Dungannon",Nordirland,29341728,19009538,10332190,25.65
"Hanka Espoo",Finnland,20979942,10648989,10330953,25.95
"Schwarz-Weiß Aalen",Deutschland,23257173,12926482,10330691,27.82
"Atlético Osuna",Spanien,17553030,7225065,10327965,25.73
"PP Tigrotti Arsizio",Italien,15214744,4896833,10317911,27.86
"FK Vidin 1922 ",Bulgarien,18067195,7767813,10299382,28.32
"Fegyvertár Gyirmót",Ungarn,30088769,19815186,10273583,26.74
"Stadt Reims",Frankreich,32705703,22439748,10265955,26.70
"Lanesra Tula",Russland,19296268,9036118,10260150,26.32
"Lületaş Eskişehir",Türkei,17226042,6990573,10235469,27.30
"Urheilu Ekenäs",Finnland,35912909,25689927,10222982,26.63
"LOK Sarajevo","Bosnien und Herzegowina",37065841,26853182,10212659,25.91
"Unión Guadalajara",Spanien,25055530,14865359,10190171,27.04
"AEK Elefsina",Griechenland,23644744,13458526,10186218,27.09
"Feniks Lovech",Bulgarien,50631338,40468663,10162675,27.68
"Metallica Mielec",Polen,16614656,6459257,10155399,26.32
"Slavia Liberec",Tschechien,31118972,20963984,10154988,26.77
"Fotball Moss",Norwegen,15788602,5661578,10127024,26.68
"NOS Goražde","Bosnien und Herzegowina",23467546,13349449,10118097,27.27
"SG Gurten",Österreich,23839735,13741199,10098536,27.86
"FFK Dornbirn",Österreich,24527923,14433201,10094722,26.68
"FK Birkirkara 1952",Malta,37132409,27037771,10094638,27.29
"FC Quintanapalla",Spanien,19720437,9641227,10079210,25.55
"Lava Southport",England,19776642,9701476,10075166,25.96
Kocaelispor,Türkei,49383310,39330434,10052876,28.59
Kacabuksport,Türkei,37175623,27131688,10043935,25.71
"JK Pärnu",Estland,34403049,24370382,10032667,27.22
"FK Nisporeni",Moldawien,69646486,59629523,10016963,26.27
"CS Algeciras",Spanien,14268633,4273749,9994884,27.27
"Sport Umeå",Schweden,27775036,17781986,9993050,27.45
"FKPG Saalfelden",Österreich,15100532,5109433,9991099,27.55
"Pallok Vantaa",Finnland,42624835,32643221,9981614,25.55
"Tuzi FV",Montenegro,38132293,28180281,9952012,26.95
"Vhoru Oleksandrija ",Ukraine,26027678,16076444,9951234,27.55
"AJ Valenciennes",Frankreich,28171533,18234395,9937138,27.55
"Vonat Debrecen",Ungarn,44708955,34793079,9915876,27.26
Geşümehanospor,Türkei,14440684,4529857,9910827,26.39
"FK Ioannina",Griechenland,75361971,65463033,9898938,27.91
"Joseph`s United",Gibraltar,20719262,10823913,9895349,26.59
"Županija Vinkovci",Kroatien,16133171,6239932,9893239,27.14
"Unione Teramo",Italien,24541962,14670204,9871758,27.00
"Østerø Eiði",Färöer,16602316,6744225,9858091,25.30
"Blau-Schwarz Mannheim",Deutschland,16093652,6243685,9849967,28.91
Tüçlaspocht,Türkei,20922803,11112827,9809976,27.50
"Unión Villanovense",Spanien,20025414,10268959,9756455,27.48
"SS Stradella Voghera",Italien,15024075,5308096,9715979,27.22
"ISK Grindavík",Island,28339185,18641601,9697584,26.82
"AF Bray",Irland,15240558,5563675,9676883,26.36
"SSC Huskvarna",Schweden,14189405,4523579,9665826,26.32
"Alğa Atyrau ",Kasachstan,39559084,29959079,9600005,27.22
"Wallis Sion 08",Schweiz,18821257,9225650,9595607,26.82
"Royal Eupen",Belgien,16047732,6454170,9593562,27.23
"Aris Katokopia",Zypern,44532489,34939345,9593144,26.91
"FK Ghastan 1925",Finnland,33137270,23553728,9583542,26.50
"Sesvete Zagreb",Kroatien,33717845,24139198,9578647,27.26
"Naproijed Sisak",Kroatien,22706770,13129037,9577733,26.48
"OZ Oosterwijk",Belgien,19779018,10202783,9576235,26.77
"AS Cornella",Spanien,13461022,3889343,9571679,26.14
"Mellica Novokuznetsk",Russland,14394097,4831669,9562428,27.77
"SK Raab Lafnitz",Österreich,22023470,12478750,9544720,25.64
"Segregrcy Suwałki",Polen,27482971,17942786,9540185,27.68
"Opolskie Kluczbork",Polen,28239338,18723997,9515341,28.32
"Nissan Halmstad",Schweden,22369326,12857325,9512001,26.77
"ZD Dordrecht",Niederlande,31053624,21546917,9506707,27.48
"SG Orenburg",Russland,16467030,6971645,9495385,27.45
"FK Baden Heiligenkreuz",Österreich,18754446,9275277,9479169,26.82
"Esportiva Ponferrada",Spanien,27984618,18518988,9465630,24.55
"IFF Örebro",Schweden,14654488,5205299,9449189,26.86
"HSV Concorde",Deutschland,22138908,12690855,9448053,23.36
"UN Luxemburg",Luxemburg,16171274,6725019,9446255,28.14
İstanbulspocht,Türkei,13930242,4484257,9445985,26.73
"PSV Tampere",Finnland,14832073,5402888,9429185,25.91
Borsasport,Türkei,13067287,3644054,9423233,27.00
"Tipperary Soccer",Irland,13986329,4571016,9415313,27.64
"KF Novorosskiysk",Russland,39382580,29978679,9403901,26.92
"Tog Hjørring",Dänemark,14930577,5537638,9392939,27.50
"Nogomet Split",Kroatien,107531446,98139564,9391882,28.18
"Pats Dublin CF",Irland,28097909,18727128,9370781,28.18
"Slavyani Sofia FK",Bulgarien,47025094,37660967,9364127,26.96
"VT Arnhem",Niederlande,39503395,30163616,9339779,27.09
"BK Getxo",Spanien,39945686,30613310,9332376,27.91
"Voort Deventer",Niederlande,16918280,7593453,9324827,26.58
"Sportowy Sosnowiec",Polen,17111739,7804351,9307388,26.39
"FK Bojaro Tarnovo",Bulgarien,40772467,31475827,9296640,28.45
"Zelen Banovići KF","Bosnien und Herzegowina",14732236,5438307,9293929,26.73
"Vestfold Sandjeford",Norwegen,18192674,8898748,9293926,26.45
"IS Östersund",Schweden,28314305,19028978,9285327,27.18
"Almere Town",Niederlande,16838721,7562876,9275845,27.86
"Inizio Gavorrano",Italien,13902111,4672746,9229365,26.27
"Lichtenberger SK",Deutschland,14737007,5516632,9220375,28.23
"Inter Chiasso",Schweiz,13496822,4289543,9207279,28.27
"WFFK Rödinghausen",Deutschland,13698206,4493065,9205141,27.32
"Spartak Podbrezová",Slowakei,13965278,4764948,9200330,26.59
"Açores Delgada",Portugal,28942222,19787431,9154791,27.22
"Bromma Stockholm",Schweden,35029111,25877581,9151530,27.05
"SV Pasching",Österreich,35608852,26460224,9148628,28.59
"Ilfov Chiajna",Rumänien,34931905,25806430,9125475,27.64
"Nożna Bydgoszcz",Polen,31995923,22872385,9123538,26.73
"Ascoli Calcio 1895",Italien,16831756,7727045,9104711,25.55
"Academica Bisceglie",Italien,13461058,4380641,9080417,25.14
"VBC Kortrijk",Belgien,16099259,7026718,9072541,27.52
"Luton United",England,40621023,31557858,9063165,26.36
"Whitehawk Eagles",England,29801697,20760076,9041621,27.14
"Croatia Čapljina","Bosnien und Herzegowina",19501696,10468276,9033420,26.36
"Fótbolti Fjarðabyggð",Island,299670929,290660971,9009958,26.96
"Typá Tyumen",Russland,14781219,5774430,9006789,26.88
"VfL Arnoldsweiler",Deutschland,25965619,16967837,8997782,28.27
"FKV Huddinge",Schweden,13564255,4628059,8936196,27.55
"KSK Katowice",Polen,31316130,22397088,8919042,27.41
"Sunny Lowestoft",England,17207381,8294699,8912682,26.64
"AQ Fréjus-St.Raphaël",Frankreich,27180271,18298003,8882268,28.09
"Dinamo Plovdiv",Bulgarien,36623852,27744052,8879800,26.45
"VfL Altenholz",Deutschland,12389713,3513640,8876073,27.95
"AFK Karbach",Deutschland,12795241,3925541,8869700,26.00
"FKA Wacker Mödling",Österreich,27620436,18757608,8862828,27.91
Giazantepspur,Türkei,13335368,4487125,8848243,26.91
"SC Dachau",Deutschland,13393235,4561136,8832099,27.77
"VC Unión Llevante",Spanien,13325292,4498417,8826875,26.77
"Sportiv Voluntari",Rumänien,15993212,7209387,8783825,27.00
"  Elazığspurt",Türkei,20277898,11495277,8782621,27.14
"Holstein Steinburg",Deutschland,12494556,3744640,8749916,25.86
"FC Katwijk",Niederlande,27061725,18320080,8741645,27.86
"Ferriby Fighter",England,13235268,4504283,8730985,27.27
"Linzer AK",Österreich,62988438,54276430,8712008,26.23
"KA Larisa",Griechenland,26382395,17673928,8708467,26.45
"ASK Ehegnadzor",Armenien,15740729,7040336,8700393,26.00
"SpVgg Lotte",Deutschland,14411801,5728530,8683271,26.05
"Gernika FC",Spanien,15453076,6772569,8680507,25.32
"Racing San Sebastián",Spanien,16979658,8313482,8666176,27.14
"FK Chaves 48",Portugal,32925208,24267269,8657939,27.36
"FK Martuni",Armenien,28879000,20231211,8647789,27.55
"Gioventà Venezia",Italien,16077617,7430172,8647445,28.32
"Atletik Nikosia",Zypern,21760185,13143496,8616689,27.00
"BW Linz 1998",Österreich,15950319,7355733,8594586,27.86
"TUS Leoben",Österreich,15099943,6511562,8588381,25.77
"Spartak Afipsky",Russland,27953619,19369718,8583901,27.95
"Fáaðfara Reykjavík ",Island,20652417,12082324,8570093,26.59
"Zehlendorfer SC",Deutschland,14988550,6429074,8559476,26.64
"FKPG St. Johann ",Österreich,24202502,15648889,8553613,26.73
"Torquay Kickers",England,11873035,3334200,8538835,26.05
"Aftokínito Xanthi",Griechenland,12718877,4180946,8537931,26.48
"Unión Praia",Portugal,12655615,4142468,8513147,27.27
"KF Bijeljina","Bosnien und Herzegowina",44780311,36285212,8495099,26.45
"FC Demba",Lettland,16711020,8216566,8494454,27.77
"MVV Neustrelitz",Deutschland,15158046,6699983,8458063,27.18
"Eintracht Offenbach",Deutschland,12667032,4209717,8457315,26.55
"Olympiakos Achna",Zypern,21111479,12679556,8431923,25.23
"Rayo Jumilla",Spanien,12786831,4363334,8423497,25.52
"Sportsko Zenica","Bosnien und Herzegowina",49592583,41173068,8419515,27.43
"ZG Rudeš 55",Kroatien,75367860,66953573,8414287,28.36
"KEC Emmen",Niederlande,14655025,6262622,8392403,27.00
"AW Berchem",Belgien,26225032,17848593,8376439,28.45
"Drogheda City",Irland,14865945,6529284,8336661,25.95
"Banja Luka CF","Bosnien und Herzegowina",14834071,6508550,8325521,27.59
"Brócoli Lorca",Spanien,19345740,11027638,8318102,26.39
"Korčula Blato",Kroatien,35989772,27674857,8314915,27.36
"Cáceres Extremadura",Spanien,17153381,8840355,8313026,27.96
"Jahn Wiedenbrück",Deutschland,12352742,4049653,8303089,25.57
"FV Zoro",Aserbaidschan,18814462,10511638,8302824,26.41
"Unión Madeira",Portugal,67661526,59368222,8293304,27.52
"SFC Ravensburg",Deutschland,12104672,3815290,8289382,27.74
"SK Vránika Ostrava",Tschechien,42834846,34549509,8285337,27.18
"VS Acquaviva",San Marino,39311410,31026363,8285047,26.91
"Brighton Seagulls",England,66676710,58394954,8281756,27.59
"Opava FV",Tschechien,24419294,16141939,8277355,26.09
"Tiflis SC",Georgien,14161141,5926258,8234883,27.77
"Warta Częstochowa",Polen,34712035,26480447,8231588,25.64
"SC Starkstrom Wien",Österreich,11842247,3628688,8213559,26.41
"AC Palermo ",Italien,70456457,62276949,8179508,29.50
"Blessed St Albans",England,11947442,3769328,8178114,26.36
"Uniòn Sassari",Italien,13685114,5509231,8175883,27.45
"FV Brehl St. Gallen",Schweiz,33151904,24989707,8162197,28.05
"KF Radar Kakanj","Bosnien und Herzegowina",13453321,5303547,8149774,26.73
"FC Oriént",Portugal,12147438,3999764,8147674,26.73
"Pfalz Weiden",Deutschland,13524907,5392622,8132285,25.64
"SPV Cursneuen",Deutschland,12039100,3909353,8129747,26.27
"Saint Ptuj 1935",Slowenien,27043553,18937395,8106158,27.96
"Port Talbot County",Wales,22874869,14771494,8103375,26.82
"Rouge Stern Paris",Frankreich,25490647,17396174,8094473,27.45
"SSV Halberstadt 98",Deutschland,28317935,20232012,8085923,28.17
"Huddersfield Sports",England,74400998,66316286,8084712,30.00
"Cambridge Town",England,13330903,5261906,8068997,27.95
"Găgăuzia Ceadîr-Lunga",Moldawien,29848941,21784852,8064089,27.91
"Union Garching",Deutschland,12233071,4175425,8057646,26.27
"Kurd Borlänge",Schweden,17719412,9671798,8047614,27.91
"Union Reggio",Italien,18036779,9996368,8040411,27.55
"Zakarpatti Uzhgorod",Ukraine,15244079,7220996,8023083,27.95
"ACF Ayr",Schottland,20023195,12000762,8022433,25.91
"SD Granada",Spanien,19028174,11021514,8006660,27.00
"FC Mbour",Lettland,38819796,30815558,8004238,27.09
"OS St.-Étienne",Frankreich,21209008,13215382,7993626,25.82
"FCU Haibach",Deutschland,12240508,4247992,7992516,26.91
"BPS Landskrona",Schweden,31580234,23603178,7977056,28.22
"KS Sarpsborg 07",Norwegen,21834521,13864082,7970439,26.91
"FK Mezőkövesd 76",Ungarn,20406294,12479362,7926932,27.95
"DAX Silkeborg",Dänemark,12218259,4298145,7920114,27.55
"AL Nímes",Frankreich,27455860,19538843,7917017,25.73
"SU Leganés",Spanien,23129873,15220261,7909612,27.18
"AT Fostiras",Griechenland,41385049,33479691,7905358,27.39
"Športový Trenčín",Slowakei,42028154,34125574,7902580,28.23
"Rayo Goitioltza",Spanien,12767410,4867243,7900167,27.82
"Zelena Stara Sagora",Bulgarien,30474762,22583706,7891056,27.04
"Sonnenhof Schönberg",Deutschland,12191191,4316906,7874285,24.74
"Uniune Orhei",Moldawien,24271601,16405381,7866220,27.18
"St. Suðuroy 05",Färöer,12122653,4265013,7857640,27.18
"Intra Turku",Finnland,24642075,16818574,7823501,27.50
"Leuven Duivels",Belgien,14622289,6813169,7809120,27.09
"SK Elverum",Norwegen,11742731,3948022,7794709,26.41
"Anadolu Sivas",Türkei,13287010,5506021,7780989,27.86
"VfL Braunschweig",Deutschland,19363453,11598476,7764977,28.09
"Kokemäenjoki Pori",Finnland,28628182,20882077,7746105,28.45
"Beuter Jeru FC",Israel,20167927,12429335,7738592,25.41
"Corse Bastia",Frankreich,15078966,7363396,7715570,26.05
"AS Ribelle Ravenna",Italien,24718047,17012601,7705446,26.39
"FV Cavese Calcio",Italien,27326319,19632539,7693780,26.59
"Züricher SK",Schweiz,66236022,58556464,7679558,28.59
"Olga Samara",Russland,15224444,7546467,7677977,27.14
"SC Džepčište 05",Mazedonien,31043600,23372715,7670885,27.91
"ISF Ålesund",Norwegen,118959428,111289524,7669904,30.04
"ETSV Schonnebeck",Deutschland,15084348,7433339,7651009,26.23
"Pinerolo Calcio",Italien,33672835,26023898,7648937,27.00
"AFK Pomorie",Bulgarien,11726133,4090577,7635556,26.86
"SC Cova de Piedade",Portugal,21713735,14081445,7632290,28.39
"Baia Mare CF",Rumänien,73878303,66247586,7630717,28.23
"Victoria Hürth",Deutschland,11558894,3952773,7606121,27.55
"Blau-Gelb Jena",Deutschland,25874603,18273954,7600649,28.23
"Olympique Dioa",Lettland,11229448,3630995,7598453,25.52
"Loja FC",Spanien,14411901,6828235,7583666,26.09
"OLFK Bischofswerda",Deutschland,21231653,13651618,7580035,26.36
"Soria CF",Spanien,13049353,5488012,7561341,28.64
"AFK Eberau",Österreich,12784998,5227591,7557407,26.95
"ES Alcoy",Spanien,12087103,4550951,7536152,27.45
"FK Olomouc",Tschechien,57648123,50124887,7523236,28.43
"HS Klabi 2005",Finnland,20462969,12953650,7509319,27.50
"FK Fiorentino",San Marino,14927228,7442219,7485009,27.64
"KFV Rijeka",Kroatien,18168120,10695609,7472511,26.43
"Unio Fano 1907",Italien,15160282,7703459,7456823,28.14
"Tweede Enschede",Niederlande,21456653,14008001,7448652,27.52
"PC Strasbourg",Frankreich,26009215,18565261,7443954,26.50
"Wunstorfer SV",Deutschland,13675602,6238226,7437376,27.14
"Fryslân Heerenveen",Niederlande,11454772,4023478,7431294,26.86
"Sachen Markranstädt",Deutschland,11822557,4408768,7413789,27.23
"ASC Kilmarnock",Schottland,79315152,71902531,7412621,27.91
"Baschko Ufa",Russland,46730991,39333165,7397826,27.95
"TuS Nordhausen",Deutschland,47171257,39774403,7396854,28.55
"Westfalia Gütersloh",Deutschland,13916484,6549739,7366745,26.05
"FC Anker Perm",Russland,78008299,70655423,7352876,26.50
"FTA Porvoo",Finnland,13349348,5998002,7351346,27.50
"Lugan County",Nordirland,17007521,9670657,7336864,28.09
"Krayer Kumpels",Deutschland,11373027,4057131,7315896,26.45
"Eteenpäin Valkeakoski",Finnland,26369117,19056132,7312985,28.27
"GAS Ajaccio",Frankreich,27072871,19813860,7259011,27.73
"Coleraine United",Nordirland,40365150,33130698,7234452,27.59
"FV Trabzonhir",Türkei,47396173,40187914,7208259,29.36
"IFK Malmö",Schweden,11318771,4112197,7206574,27.18
"RV Cumbernauld",Schottland,23759446,16574750,7184696,26.74
"Unione Rimini",Italien,52790934,45609529,7181405,28.32
"Elgin Atletic",Schottland,15361369,8183157,7178212,27.14
"Barnsley UK",England,13777480,6634787,7142693,27.59
"NFK Remchingen",Deutschland,10819348,3706234,7113114,26.65
"FC Varese",Italien,11494437,4401462,7092975,27.23
"Atletický Báhoň",Slowakei,27224663,20139769,7084894,26.77
"AS Grumellesi",Italien,11985537,4910650,7074887,25.32
"TSG Goslar 1923",Deutschland,19110846,12046730,7064116,27.32
"SK Prudy",Russland,11390251,4334448,7055803,27.18
"KV Kratovo",Mazedonien,14809934,7759853,7050081,26.14
İhögölaspocht,Türkei,11639715,4590464,7049251,26.77
"UD Barakaldo",Spanien,11286269,4237655,7048614,26.91
"IHS Käpylä",Finnland,14011534,6969232,7042302,27.64
"Eastbourne Union",England,11115888,4129084,6986804,26.73
"Union Rosenheim",Deutschland,52561342,45586168,6975174,27.22
"Előre Szombathely",Ungarn,24243489,17276181,6967308,27.14
"Exeter County",England,10908362,3955126,6953236,24.73
"SCP Tenisca",Spanien,11195958,4247236,6948722,28.05
"SG Arta 2013",Griechenland,28680859,21757086,6923773,27.77
"OL Donezk",Ukraine,15302337,8386598,6915739,28.18
"FSK Bergheim",Österreich,11459923,4554392,6905531,27.45
"Szeged FC",Ungarn,12664890,5759528,6905362,27.55
"Gimnastio Sanluqueño",Spanien,11327455,4426839,6900616,27.18
"Puña Tafalla",Spanien,14353824,7453873,6899951,26.45
"Real Mungia",Spanien,14434182,7570571,6863611,28.09
"SSC Heimstetten",Deutschland,11794668,4939975,6854693,26.59
"ASS Troyes",Frankreich,11302122,4472755,6829367,27.68
"Olympia Lyon",Frankreich,41560145,34734002,6826143,27.18
"Wehener SC",Deutschland,14566376,7745140,6821236,28.64
"Muntenia Călărași",Rumänien,17161075,10340170,6820905,26.30
"Temse Sport",Belgien,10901191,4084847,6816344,28.18
"SSK Halmstad",Schweden,50500043,43691375,6808668,28.00
"Dynamit Budějovice",Tschechien,12771983,6001287,6770696,27.91
"Real Lloseta",Spanien,17603084,10841074,6762010,26.70
"GdL Leipzig",Deutschland,17059934,10366021,6693913,28.55
"FK Zlín 1920",Tschechien,37650239,30975721,6674518,27.27
"Vamos Vallecanos",Spanien,26237048,19588378,6648670,26.77
"Inter Renate",Italien,36142054,29516008,6626046,27.27
"FC Ivantsminda",Georgien,50055699,43438887,6616812,27.04
"Dinamo Kobuleti",Georgien,12280036,5676943,6603093,26.74
"FK Great Britain XIV",Gibraltar,31277170,24677047,6600123,26.82
"US Sochaux",Frankreich,10947892,4348964,6598928,28.64
"Ginnastica Imola",Italien,11721088,5132132,6588956,27.91
"FK Novo Mesto",Slowenien,36975412,30392778,6582634,27.04
"SSV Olginatese",Italien,10374225,3796565,6577660,26.91
"Preußen Neumünster",Deutschland,11142939,4567573,6575366,25.45
"FSV Hildesheim",Deutschland,17601165,11038290,6562875,27.27
"Birmingham Town",England,10725004,4169918,6555086,26.55
"Chaniakose FK",Griechenland,19476925,12939951,6536974,27.05
"MS Akhisar",Türkei,11457177,4935116,6522061,27.27
"FKS Rochdale",England,10285868,3771924,6513944,26.50
"HSV Frankfurt",Deutschland,18062977,11565997,6496980,27.64
"SSC Lanciano",Italien,32245973,25763277,6482696,27.74
"FC Alcantara 1943",Portugal,63350598,56873196,6477402,27.55
"OV Lokeren",Belgien,11456944,4987305,6469639,27.23
"FAK Kemi",Finnland,30559050,24102199,6456851,26.64
"Ibarranense CF",Spanien,10938398,4510248,6428150,28.00
"Rayo Pozoblanco",Spanien,10796884,4386225,6410659,27.14
"Munster Limerick",Irland,27514376,21105575,6408801,27.05
"Union Lommel",Belgien,17109622,10701753,6407869,26.50
"Radar Pljevlja",Montenegro,74275593,67882275,6393318,28.09
"LF Thisted",Dänemark,23086067,16699145,6386922,26.32
"SC Vooruit Boom",Belgien,11032224,4649893,6382331,28.73
"SAA Taggia 1938",Italien,10566960,4201166,6365794,27.77
"Nadyavam Dobrich",Bulgarien,25831955,19476365,6355590,26.64
"Brescia CF",Italien,17195447,10879167,6316280,27.82
"Rasensport Herkenrath",Deutschland,11603989,5290423,6313566,28.14
"Borussia Northeim",Deutschland,10267849,3964040,6303809,26.45
"Káma Naberezhnye",Russland,20609474,14305772,6303702,27.45
"Carmathen United",Wales,20144959,13849717,6295242,26.73
"Ferrara Calcio",Italien,10381128,4101557,6279571,27.68
"FC St. Hardenberg ",Niederlande,11812664,5533415,6279249,27.50
"SSC Pirmasens",Deutschland,10951128,4686369,6264759,26.23
"Lašva Travnik","Bosnien und Herzegowina",25693471,19442421,6251050,26.70
"VfB Elversberg",Deutschland,10094428,3856640,6237788,26.27
"ESS Falkirk",Schottland,10664328,4426555,6237773,28.41
"SK Ústí",Tschechien,11418643,5183801,6234842,25.59
"IFF Västerås 05",Schweden,10658706,4442746,6215960,26.64
"SA Tokat",Türkei,10510945,4306865,6204080,26.41
"Brackley Stars",England,12330824,6148319,6182505,28.09
"Doncaster Knights",England,10108828,3940860,6167968,26.14
"Stade Bern 95",Schweiz,32906470,26750720,6155750,28.09
"Alamat Yerevan",Armenien,35176117,29025015,6151102,28.35
"Preußen Lübeck",Deutschland,12073222,5933726,6139496,26.77
"Fulham United",England,10107597,3974336,6133261,26.32
"Worcester Albion",England,10824552,4691321,6133231,26.50
"Lippstadter FC",Deutschland,9978562,3847951,6130611,25.95
"Viktoria Schaffhausen",Schweiz,21705386,15590220,6115166,26.55
"SSL Ancona",Italien,20401531,14290239,6111292,26.23
"KSA Siedlce",Polen,22927974,16819675,6108299,27.70
"Rupida București",Rumänien,34173296,28074061,6099235,27.95
"Atlético Torrelavega",Spanien,10253743,4159952,6093791,26.86
"Pobizhno Poltawa",Ukraine,31598582,25514716,6083866,26.91
"Athlitikó Smyrna",Griechenland,25739114,19658068,6081046,27.55
"KFC Waalwijk 41",Niederlande,16212630,10135036,6077594,28.32
"RC Dingwall",Schottland,16702944,10630389,6072555,26.91
"SK Haderslev",Dänemark,10421588,4365250,6056338,29.45
"ASK Völkermarkt",Österreich,10148534,4097504,6051030,28.23
"Stalybridge Workers",England,9410187,3360706,6049481,26.41
"AC Poggibonsi",Italien,9962524,3913756,6048768,26.70
"WSC Ruislip",England,10520772,4494551,6026221,26.36
"Atlético Cuenca",Spanien,10033776,4015499,6018277,29.18
"FF Sollenau 1905",Österreich,10576845,4571937,6004908,27.00
"Tirreno Viareggio",Italien,9968051,3978601,5989450,27.95
"US Mallorca",Spanien,50054823,44090969,5963854,26.77
"RSD Segovia",Spanien,10256515,4296200,5960315,26.50
"VC St.-Gilloise Vorst",Belgien,16774354,10816265,5958089,26.36
"SSK Lankowitz",Österreich,15306989,9367730,5939259,26.82
"Concorde Colmar",Frankreich,21209832,15278634,5931198,27.23
"Forrest Bradford",England,11079754,5154271,5925483,26.09
"VfB Rain 1898",Deutschland,11905080,5988611,5916469,27.14
"Canarinhos Bragança",Portugal,36822926,30907561,5915365,27.18
"KF Bacău",Rumänien,14470113,8577795,5892318,27.09
"Cabinteely United",Irland,10605507,4726585,5878922,28.09
"Tiraspol Cowboys ",Moldawien,16790633,10912379,5878254,27.64
"Juve Francavilla",Italien,18835096,12977349,5857747,25.39
"SK Eugendorf",Österreich,26867519,21018880,5848639,27.14
"1. KV Třinec",Tschechien,13475256,7640694,5834562,27.86
"Axalupa Rom",Italien,30407556,24578468,5829088,26.64
"Real Huesca",Spanien,43767367,37950345,5817022,26.96
"Slavia Domžale",Slowenien,19224350,13412437,5811913,27.59
"Hammer BSV",Deutschland,9985037,4176901,5808136,27.41
"SKK Illertissen",Deutschland,9505934,3704794,5801140,27.18
"BSV Auerbach",Deutschland,14015058,8216661,5798397,27.23
"Braintree Union",England,52200336,46408038,5792298,27.64
"ASK Oberwart",Österreich,9858450,4098749,5759701,28.18
"Tamworth Soccer",England,9786450,4028175,5758275,26.23
"Hellas Almelo",Niederlande,72135643,66384520,5751123,29.64
"Macclesfield Roses",England,9716778,3965763,5751015,26.05
"Vedeaux Luçon",Frankreich,22545368,16803446,5741922,26.59
"BH Oradea",Rumänien,11763525,6053909,5709616,27.82
"Alf Sandnes 1913",Norwegen,22101345,16392721,5708624,27.18
"Viktoria Sittard",Niederlande,9974646,4281349,5693297,28.68
"SD Royal Zaragoza",Spanien,28689814,23023656,5666158,28.05
"Metallica Skopje",Mazedonien,18050251,12393161,5657090,27.22
"Vendée Les Herbiers",Frankreich,69539228,63886723,5652505,27.55
"Blackburn Roses",England,25524927,19900749,5624178,28.13
"Harrogate Union",England,9736416,4118984,5617432,25.73
"OKF Montana 1948",Bulgarien,13743391,8135035,5608356,27.32
"Rossoblù L`Aquila",Italien,11454141,5858768,5595373,27.41
"Święto Kielce",Polen,16087248,10492908,5594340,25.86
"Schwyz Tuggen",Schweiz,9674106,4093099,5581007,27.23
"Juve Makov",Slowakei,11244564,5664972,5579592,26.59
"AK Stara Zagora",Bulgarien,15802257,10227303,5574954,27.77
"AC Parma",Italien,79184703,73625028,5559675,29.50
"BFC Freiburg",Deutschland,9850965,4299142,5551823,26.59
Sincanspur,Türkei,9508623,3967970,5540653,28.36
"Dynamo Zwickau",Deutschland,9414482,3884417,5530065,26.77
"TSF Larvik",Norwegen,9526199,4012047,5514152,26.86
"TSG Landsberg",Deutschland,11620109,6109300,5510809,25.41
"BFV Schöeineche",Deutschland,9350683,3840217,5510466,27.18
"SpVgg Kassel",Deutschland,9379408,3878174,5501234,26.59
"BSV Friesdorf",Deutschland,9459804,3973365,5486439,25.86
"Dunawska Razgrad",Bulgarien,62649662,57175536,5474126,27.09
"Tos Montemurlo 1956",Italien,9825281,4356135,5469146,27.68
"Dmino Stavropol",Russland,9427182,3961004,5466178,28.91
"CDO Dijon",Frankreich,36674017,31210858,5463159,27.18
"FK VäxjÖ 1931",Schweden,10491118,5038001,5453117,26.86
"Sporting Wil",Schweiz,10738844,5295098,5443746,29.09
"Ratinger SC 1905",Deutschland,10050633,4633623,5417010,27.09
"Basingstoke Superior",England,13362565,7945614,5416951,26.32
Mersinspor,Türkei,18441646,13039445,5402201,26.09
"Kobuleti FC",Georgien,43563200,38163215,5399985,26.48
"Angel de Compostela",Spanien,11347542,5948400,5399142,26.45
"Austria Imst",Österreich,15526110,10135606,5390504,25.36
"Cardinal Woking",England,27880446,22492581,5387865,27.27
"Borussia Rehden",Deutschland,9573434,4195203,5378231,26.09
"IFK Reichenau",Österreich,61163211,55807013,5356198,26.61
"KS Grimstad",Norwegen,11596285,6246945,5349340,27.73
"RPFV Worms",Deutschland,10683626,5339645,5343981,26.77
"WFV Ahlen",Deutschland,8940527,3599457,5341070,25.82
"TSG Aschaffenburg 04",Deutschland,33827753,28489921,5337832,27.55
"Pohjanmaa Kokkola",Finnland,11206739,5873477,5333262,26.23
"SV Rapperswil-Jona",Schweiz,9227406,3898789,5328617,28.36
"WBV Reutlingen",Deutschland,9139066,3821101,5317965,26.91
"Royal Lier",Belgien,501328995,496019446,5309549,24.63
"Chelyabinsk KV",Russland,19313497,14042764,5270733,26.21
"FC Jeddeloh 1953",Deutschland,9270300,4004168,5266132,27.00
"SK Austria Ferlach",Österreich,9709244,4461328,5247916,27.05
"SG Kapellen 1931",Deutschland,10613747,5372121,5241626,24.64
" Spreča Lukavac","Bosnien und Herzegowina",18464076,13262770,5201306,28.18
"SA Nantes",Frankreich,28910223,23711997,5198226,27.46
"OFG Nice",Frankreich,15169269,9987465,5181804,27.14
"Union St. Gallen",Schweiz,9262448,4081689,5180759,27.95
"UDL Lorca",Spanien,9490468,4313293,5177175,26.23
"Maidstone Champs",England,8952215,3776033,5176182,25.77
"Hérakles Alicante",Spanien,8852355,3694667,5157688,28.09
"Gnaser FC",Österreich,10684556,5531939,5152617,26.91
"Borussia Fürth",Deutschland,9180535,4033862,5146673,26.95
"KV Nazran 92",Russland,9618377,4482020,5136357,27.91
"Dynamo Großbardorf",Deutschland,9506395,4393131,5113264,26.05
"NWV Bergisch Gladbach",Deutschland,8748405,3643222,5105183,27.59
"VfR Seligenstadt",Deutschland,8959372,3880302,5079070,26.27
"Havant Princes",England,8970530,3897457,5073073,26.05
"FSC Großes Aspach",Deutschland,9076275,4011816,5064459,27.82
"Pullacher SC",Deutschland,11628153,6573261,5054892,25.95
"Kidderminster Warriors",England,9389116,4342065,5047051,26.32
"SSC Bremen 1915",Deutschland,14399133,9362283,5036850,24.48
"SS Carrara",Italien,26067538,21033632,5033906,26.87
"CV Pontevedra",Spanien,23976874,18947136,5029738,25.86
"FK Schwechat 1899",Österreich,9238284,4226294,5011990,27.86
"Sporting Roeselare",Belgien,27786514,22775185,5011329,27.00
"Amsterdam Soccer",Niederlande,27834897,22867041,4967856,27.86
"FV Langreo",Spanien,8885781,3936914,4948867,28.23
"RWB Windeck",Deutschland,9594057,4654779,4939278,24.86
"TuS Ulm 1853",Deutschland,9061953,4136083,4925870,27.27
"Bristol Sport",England,39252651,34332445,4920206,27.55
"Krazla Ryazan",Russland,9695732,4784671,4911061,27.09
"Istria Novigrad",Kroatien,29566807,24688315,4878492,28.23
"Pohjanlahti Vaasa",Finnland,29209073,24334932,4874141,28.82
"SK Biel/Bienne",Schweiz,14350199,9485215,4864984,28.23
"Luparense Calcio",Italien,9161750,4309120,4852630,26.55
"Ashton Sports",England,8683000,3840901,4842099,26.50
"OL Grudziądz",Polen,9241180,4401611,4839569,26.32
"Fortemente Vibo",Italien,8860225,4022252,4837973,28.00
"FK Guingamp",Frankreich,26621166,21783662,4837504,27.59
"Plymotuh Emigrants",England,14868504,10053581,4814923,22.50
"Borussia Bautzen",Deutschland,8962353,4157365,4804988,26.32
"CBA Laredo",Spanien,9213324,4413943,4799381,27.05
"Ponsacco Calcio",Italien,9795505,5000498,4795007,27.09
"KOF Oslo",Norwegen,24229049,19436191,4792858,27.70
"Colchester Albion",England,19835617,15043537,4792080,28.09
"Preußen Balingen",Deutschland,8481296,3691790,4789506,26.68
"SK Vertikal Turnovo",Mazedonien,42265020,37489307,4775713,26.91
"WFC Erkenschwick",Deutschland,8689115,3932186,4756929,28.41
"Welling Soccerstars",England,8768321,4021247,4747074,27.64
"Chorley Roses",England,8810815,4066570,4744245,26.50
"FSL Homburg",Deutschland,8760681,4019194,4741487,27.14
"Alliance Bradford",England,14977481,10268724,4708757,27.23
"Stevenage Deers",England,8847823,4157203,4690620,26.55
"Rot-Blau Bonn",Deutschland,11179281,6503902,4675379,25.91
"UD Bermeo",Spanien,8725524,4050690,4674834,26.86
"SAK Łęczna",Polen,57777796,53124034,4653762,25.86
"Värnamo SK",Schweden,22893525,18251316,4642209,26.77
"FK Tychy 1970",Polen,8333338,3712900,4620438,27.50
"Þráttótur Reykjavík",Island,35950487,31359600,4590887,27.41
"Zhunya Kursk",Russland,40474864,35892672,4582192,27.00
"SB Lorient",Frankreich,45754171,41174599,4579572,25.86
"DTE Groesbeek",Niederlande,8711706,4132432,4579274,28.09
"JK Sillam",Estland,28586124,24022958,4563166,27.35
"Sportis Blumenthal",Deutschland,8914589,4353470,4561119,26.55
"Eltersdorfer SV",Deutschland,9604819,5045149,4559670,26.09
"Breisgauer SV",Deutschland,13348617,8796806,4551811,26.86
"Fortuna Seelow",Deutschland,9142945,4592332,4550613,25.95
"FC Brinkum",Deutschland,8704399,4167217,4537182,27.36
"GIN Sestri Levante",Italien,8364186,3843639,4520547,28.73
"Gaza Mediaș",Rumänien,31970022,27457674,4512348,26.59
"Super Weston CF",England,8515803,4006550,4509253,25.32
"FK Raptor Wien",Österreich,19705137,15202340,4502797,27.95
"Nowy Sącz KV",Polen,29598282,25098605,4499677,28.09
"HOM Edinburgh",Schottland,53243065,48746281,4496784,26.54
"ACC Recanati",Italien,8965961,4484659,4481302,27.68
"CS Zamudio",Spanien,8394543,3934913,4459630,27.45
"PCC Chieri",Italien,8538347,4097623,4440724,27.27
"Havelser SC",Deutschland,8488590,4059934,4428656,28.82
"Dinamit Barnaul",Russland,36070131,31642400,4427731,27.57
"AS Ontinyent",Spanien,8726820,4313322,4413498,26.68
"Creo Pomigliano",Italien,8381464,3978837,4402627,28.59
"Fortuna Essen",Deutschland,21391918,16995513,4396405,28.32
"Adler Sprockhövel",Deutschland,8102955,3759955,4343000,26.09
"Alfreton Derbyshire",England,8466231,4136752,4329479,27.36
"Sheffield Swords ",England,58392444,54063784,4328660,26.77
"Graaf Doetinchem",Niederlande,28607483,24280053,4327430,26.55
"Sociedad Almería",Spanien,49532072,45206103,4325969,27.00
"SSC Vilafranca",Spanien,12684701,8374119,4310582,26.86
"ACS Middlesbrough",England,7911985,3602313,4309672,27.95
"CV Atletico Mazzano",Italien,8529946,4225888,4304058,27.36
"Wigan Dynamic",England,8491923,4208928,4282995,26.59
"Metalac Surdulica",Serbien,18566492,14290223,4276269,27.86
"Borussia Wegberg",Deutschland,8211878,3942270,4269608,27.14
"Kupaz Ganja",Aserbaidschan,57237805,52972875,4264930,27.18
"SG Savona 1902",Italien,15238998,10982143,4256855,28.50
"FKS Kołobrzeg",Polen,25870148,21613430,4256718,27.61
"Sportivo Mancha Real",Spanien,8519656,4265906,4253750,27.14
"Barnet Union",England,7941033,3689981,4251052,26.50
"Speertak Rotterdam",Niederlande,23303485,19064808,4238677,25.95
"Extrema Almendralejo",Spanien,11062043,6836408,4225635,27.86
"Wallonia Ciney",Belgien,22494461,18282751,4211710,28.14
"LO Azpeitia",Spanien,8295697,4087720,4207977,26.18
"Lazio Albano",Italien,28766488,24562768,4203720,27.35
"RR Kirkcaldy",Schottland,8810330,4623611,4186719,27.14
"SSV Sonthofen",Deutschland,8221291,4038286,4183005,28.09
"RB Fischeln",Deutschland,21073971,16891658,4182313,26.82
"ASCS San Severo",Italien,8145850,3968891,4176959,26.59
"FK Hoppa Steyr",Österreich,22442673,18299932,4142741,28.09
"FC Euskirchen 1968",Deutschland,8069964,3930613,4139351,27.55
"Nuneaton City 1902",England,8223265,4116828,4106437,26.82
"Mannsdorfer FC",Österreich,7867187,3777169,4090018,27.95
"Uno Seregno 1923",Italien,8321462,4248083,4073379,26.68
"Gateshead Rovers",England,7805548,3733133,4072415,26.23
"Eccellenza Jesina",Italien,8481259,4419659,4061600,26.73
"Chester United",England,7603889,3548272,4055617,27.45
"Olimpico Serravalle",Italien,7952726,3899857,4052869,28.00
"ZK Gdynia",Polen,7819029,3774197,4044832,28.68
"FV Kaunas",Litauen,45092925,41073726,4019199,27.13
"VfL Saar 1925",Deutschland,7852406,3861930,3990476,26.14
"Swansea Town",England,8088979,4103142,3985837,28.00
"Athlitikó Veria",Griechenland,10239285,6257255,3982030,27.55
"TuS Bönningstedt",Deutschland,7719733,3741447,3978286,26.36
"Lok Trnje",Kroatien,34485648,30514672,3970976,27.45
"Karpaky Wola",Polen,23063237,19122344,3940893,27.91
"Merseyside Birk",England,8135859,4208866,3926993,26.64
"Futuro Ciserano",Italien,7825626,3899306,3926320,27.59
"Stockport Hats",England,8133123,4213264,3919859,26.05
"Maidenhead Doves",England,8224706,4306032,3918674,26.32
"USS Torrecuso",Italien,7938174,4019542,3918632,26.73
"Unión Azuqueca",Spanien,7770497,3854247,3916250,27.86
"ASS Piacenza Foot",Italien,8013244,4108388,3904856,27.27
"FK Limassol",Zypern,42640268,38765147,3875121,28.04
"RC Socuéllamos",Spanien,7665204,3797056,3868148,27.32
"Blau-Rot Hollenbach",Deutschland,7885099,4042451,3842648,25.59
"Emilia Lentigione",Italien,7724483,3901368,3823115,26.36
"Sicilia Leonfortese",Italien,7527699,3708912,3818787,28.27
"GSV Barsinghausen",Deutschland,8332640,4514327,3818313,26.41
"SSC Rumelange",Luxemburg,20326091,16531496,3794595,27.82
"SS Vicentino Valdagno",Italien,7855487,4061063,3794424,27.05
"SC Nero Fratta",Italien,9886640,6111148,3775492,27.64
"Olipcza Zambrów",Polen,7860410,4106689,3753721,27.36
"AFC Hemel",England,7849288,4108691,3740597,27.36
"Sportiva Liventina",Italien,7767743,4060807,3706936,27.64
"Unión Calahorra",Spanien,7596536,3897956,3698580,26.68
"Sportfreunde Bayreuth",Deutschland,7808183,4122338,3685845,27.55
"WFK Paderborn",Deutschland,24012358,20333726,3678632,26.70
"Bromley UK",England,7617890,3942076,3675814,26.32
"Fortuna Dassendorf",Deutschland,7575612,3917964,3657648,25.64
"Grafiká Vlašim CF ",Tschechien,31639907,28000127,3639780,28.82
"Sibir Irkutsk",Russland,42235590,38604289,3631301,27.55
"Cristallo Colle",Italien,7527642,3912444,3615198,28.36
"Charlton Haddocks",England,17832306,14232290,3600016,26.27
"CCV Rovigo",Italien,7643984,4055470,3588514,27.55
"Veneto Noale",Italien,7910162,4337709,3572453,26.77
"CA Tuttocodio",Italien,7561220,3992466,3568754,27.82
"Glovester Town",England,7441257,3885105,3556152,27.05
"Union Kehl 1906",Deutschland,7310748,3755641,3555107,26.87
"Pallasaarja Oulu",Finnland,56464636,52911739,3552897,28.13
"FK Niepołomice 1919",Polen,7843843,4291256,3552587,27.23
"SpVgg Siegen",Deutschland,7456701,3932270,3524431,25.55
"Unión Vélez",Spanien,7638730,4126146,3512584,26.77
"Racing Requena",Spanien,7136450,3636155,3500295,27.23
"Italia Wolfsburg",Deutschland,162845999,159347602,3498397,26.48
"Boston Nomads",England,7121408,3625981,3495427,27.36
"VfL Steinbach",Deutschland,8135423,4644012,3491411,27.68
"FK Abano",Italien,7414363,3931574,3482789,26.77
"Academy Solihull",England,7089859,3609353,3480506,28.09
"Union Crewe",England,7981184,4501084,3480100,28.77
"CF Forfar",Schottland,7411009,3936128,3474881,28.09
"Acresse FC",Israel,92746349,89275010,3471339,28.82
"Onore Castelfranco",Italien,7334655,3863336,3471319,27.68
"QIF Göteborg",Schweden,95986389,92534420,3451969,27.26
"Nottingham Soccer",England,52264725,48812981,3451744,27.59
"Grimsby Cleethes",England,7377325,3940039,3437286,26.95
"DFC Fortuna Berlin",Deutschland,8847625,5415657,3431968,26.95
"St. Patrick CF",Schottland,45346686,41918007,3428679,27.91
"WFV Ennepetal",Deutschland,7073955,3650092,3423863,26.27
"Francavilla Calcio",Italien,7410320,3988523,3421797,27.09
"Italia Brugnera",Italien,7042082,3651087,3390995,27.64
"Burton United",England,7195397,3806175,3389222,27.55
"Terme Monte",Italien,7013770,3669342,3344428,27.18
"Imker Zaprešić  FK",Kroatien,50792384,47459128,3333256,25.86
"Club Mestre Venezia",Italien,7232245,3916968,3315277,27.91
"Sardigna Nuorese",Italien,7941091,4626310,3314781,27.09
"Salappa Pori",Finnland,19315257,16004343,3310914,28.32
"Grödiger SC",Österreich,62348202,59058438,3289764,26.95
"Bolo Lavagnese",Italien,7155977,3871347,3284630,26.73
"NFV Lüneburg",Deutschland,7385187,4101617,3283570,27.27
"Babelsberger Kickers",Deutschland,7432960,4149600,3283360,26.23
"Bjelovar Ždralovi",Kroatien,10417251,7134831,3282420,28.50
"Vamos La Roda",Spanien,6762406,3520798,3241608,27.18
"Unión Torrelavega",Spanien,7841058,4603972,3237086,26.68
"AS Teruel",Spanien,7013251,3812711,3200540,27.23
"USD San Giovanni",Italien,6691045,3518734,3172311,28.86
"Sportivo Fondi",Italien,7058765,3899320,3159445,27.00
"FC Cluj",Rumänien,32394858,29248628,3146230,29.43
"Rayo Yeclano",Spanien,7227327,4084055,3143272,26.91
"SN Teramo Calcio",Italien,6936594,3798164,3138430,26.55
"CQ Wanderers",Wales,42565177,39470454,3094723,27.68
"USD Mérida",Spanien,7221401,4134682,3086719,27.55
"Dover County",England,6745613,3659082,3086531,26.57
"Hessen Lehnerz",Deutschland,6213698,3138198,3075500,28.61
"Coastguards Warton",England,6936588,3869630,3066958,26.68
"ES Boiro",Spanien,7214583,4181835,3032748,25.32
"FC Shmuk",Israel,51961585,48934082,3027503,25.96
"Žaugija Vilnius",Litauen,43392673,40372976,3019697,27.78
"Turopolje Gorica",Kroatien,15079953,12067982,3011971,28.27
"PL Atletica Crema",Italien,6648856,3645367,3003489,27.41
"Due Piraino",Italien,6739642,3741033,2998609,27.23
"FC Logroño",Spanien,39494231,36501186,2993045,27.36
"Sportfreunde VK Köln",Deutschland,6936977,4000659,2936318,27.41
"Aquilos Campobasso",Italien,6733239,3800355,2932884,28.18
"Spa Cheltenham",England,7006964,4085059,2921905,26.91
"Yekatarina Yakutsk",Russland,6795731,3880213,2915518,28.00
"Anjel Trnava",Slowakei,65015373,62133569,2881804,26.96
"Blackpool Sea",England,6515610,3636024,2879586,26.27
"HB Paola",Malta,46696712,43826695,2870017,29.59
"Lohfelder FC",Deutschland,9664350,6814566,2849784,27.05
"SHFV Todesfelde",Deutschland,7064261,4217230,2847031,25.55
"ES Zamora",Spanien,6676663,3830581,2846082,26.55
"Inter Zmijavci",Kroatien,20726458,17897402,2829056,27.91
"Umbrio Gubbio",Italien,6722439,3914917,2807522,26.68
"Union Schilksee",Deutschland,16362086,13590816,2771270,27.14
"FK Viborg",Dänemark,20631725,17870491,2761234,25.45
"FK Stadtallendorf 1923",Deutschland,6329647,3571904,2757743,27.05
"FK Lillestrøm",Norwegen,13620652,10867334,2753318,26.64
Sumsünspor,Türkei,64024532,61274136,2750396,27.57
"Esportivo Logro̱̩s",Spanien,41247857,38572543,2675314,27.91
"FK Cádiz",Spanien,56287672,53612992,2674680,26.61
"Bath CA",England,6767717,4094552,2673165,25.68
"Halifax County",England,6601964,3989038,2612926,26.95
"BBC Bissingen",Deutschland,7152722,4551833,2600889,25.64
"AS Cello Verona",Italien,27120355,24530623,2589732,28.45
"UD Sagunto",Spanien,6552785,3965213,2587572,26.91
"Forrest Borehamwood",England,6039689,3459404,2580285,27.50
"SSC Montpellier",Frankreich,29989219,27426660,2562559,26.77
"Depor San Juan",Spanien,6301437,3798165,2503272,26.91
"ZKU Jekaterinburg",Russland,84861632,82395145,2466487,28.14
"Jizera Boleslav",Tschechien,51721822,49279287,2442535,26.13
"US Fermo 1919",Italien,5910138,3517005,2393133,27.09
"SAK Klagenfurt",Österreich,50575756,48213705,2362051,27.36
"Royal Irún",Spanien,34301116,31965828,2335288,27.95
"OFK Ski",Norwegen,34116901,31795284,2321617,26.86
"KS Korobii Peshpope",Albanien,69609538,67329173,2280365,26.96
"TAK Freialdenhoven",Deutschland,6139869,3861440,2278429,27.45
"SV Intra Leipzig",Deutschland,73430809,71282318,2148491,26.86
"Alleanza Arzachena",Italien,5434574,3300713,2133861,27.82
"Dartford City",England,5694581,3629931,2064650,26.45
"Adria Dugopolje",Kroatien,27433448,25371462,2061986,28.05
"Union Valletta",Malta,45282490,43240249,2042241,27.45
"Cercedense CF",Spanien,6100029,4103865,1996164,26.91
"KVC Tubize 55",Belgien,31323097,29344391,1978706,25.68
"Olimpios Piräus",Griechenland,61376520,59476232,1900288,25.91
"Balzan United",Malta,25218028,23383368,1834660,27.45
"Whitestreaks Notts",England,22220576,20461362,1759214,27.50
"Unio Gozzano 1925",Italien,5233985,3501885,1732100,27.82
"FC Roma",Italien,4944727,3301538,1643189,24.55
"AS Iași",Rumänien,69765056,68124536,1640520,29.00
"VVC Brugge",Belgien,5701237,4121321,1579916,26.36
"FC Foggia",Italien,31972010,30392667,1579343,27.65
"Sportiva Montegiardino",San Marino,46300612,44723397,1577215,27.83
"Clarrtonville CF",Nordirland,56236744,54676064,1560680,27.27
"ÚJ Budapest FC",Ungarn,78076588,76525488,1551100,28.45
"SK Varberg",Schweden,28756448,27223501,1532947,26.64
"AFK Floridsdorf",Österreich,39636586,38201841,1434745,27.64
"Dinamo Hrvace",Kroatien,8249701,6852261,1397440,28.64
"FSV Schwachhausen",Deutschland,73544926,72208103,1336823,27.45
"IKK Klaksvík",Färöer,33177795,32007766,1170029,28.41
"Ville Rennes",Frankreich,100785450,99697508,1087942,28.17
"VfB Achern",Deutschland,5131736,4060176,1071560,27.59
"Onoare Buzău",Rumänien,49219041,48183116,1035925,29.23
"Mało Kraków",Polen,83811003,82890948,920055,28.64
"Haifa SC",Israel,46740623,45937876,802747,28.45
"Lincoln Boxer",England,52517635,51731009,786626,27.36
"Samtredia United",Georgien,30164328,29394755,769573,30.05
"Sportivo Braga",Portugal,35390104,34771169,618935,27.35
"BK Djurgårdens",Schweden,122615614,122007437,608177,28.59
"FK Novi Zagreb",Kroatien,21027583,20423232,604351,27.95
"FKI Runavík",Färöer,49921550,49317651,603899,27.41
"Sternas Tripolis",Griechenland,44412150,43845012,567138,28.64
"CP London Eagles",England,48288248,47846868,441380,29.05
"Starua București",Rumänien,67099595,66677580,422015,29.68
"CS St. Maria de Feira",Portugal,27127171,26747895,379276,27.30
"ICE Zagreb",Kroatien,156555280,156311613,243667,26.61
"Soda Jönköping",Schweden,769828788,769618612,210176,25.10
"Jedi Belfast",Nordirland,25487515,25279828,207687,27.91
"FV Sevilla",Spanien,42032685,41838739,193946,27.91
"SC St. Southampton",England,142141327,141957006,184321,25.96
"FC Sabur",Georgien,88777824,88624465,153359,28.68
"KS Kostrote Krujë",Albanien,74362933,74210342,152591,28.64
"Carlisle Athletic",England,16189872,16073384,116488,27.95
"Athletico Guimarães",Portugal,58697801,58590581,107220,28.00
"Bolton Nomads",England,34504136,34412007,92129,27.82
"London`s Park Rangers",England,39834641,39911073,-76432,29.64
"USJ Kotka",Finnland,15289110,15369209,-80099,27.09
"Chesterfield Athletic",England,55769045,55853714,-84669,27.09
"Xäver Länkärän",Aserbaidschan,25549612,25651405,-101793,27.04
"Canaria Las Palmas",Spanien,23065447,23177731,-112284,28.30
"GH Zürich 1887",Schweiz,58656766,58774202,-117436,28.77
"Robon Kazan",Russland,72113439,72258147,-144708,27.73
"Preston City",England,55958687,56224778,-266091,28.68
"AK Gomel",Weißrussland,33361292,33645190,-283898,28.00
"Citadelle Belfort",Frankreich,3251386,3572187,-320801,26.18
"SA Boulogne-sur-Mer",Frankreich,3146351,3477267,-330916,27.41
"AJ Consolat",Frankreich,3070940,3415243,-344303,26.95
"FC Chemois Norte",Frankreich,3474291,3836408,-362117,26.05
"Indre Châteauroux",Frankreich,3488416,3855723,-367307,25.27
"AF Créteil-Lusitanos",Frankreich,3060082,3431983,-371901,26.50
"Littoral Dunkerque",Frankreich,2977523,3367158,-389635,27.00
"Parisien FK",Frankreich,3262750,3663924,-401174,26.36
"AS Dounes",Lettland,47259272,47674183,-414911,28.09
"CA Avant Bastia",Frankreich,3035117,3517775,-482658,26.36
"Stade Orléans",Frankreich,3597899,4082451,-484552,25.64
"SSV Lille",Frankreich,65385022,65891012,-505990,26.87
"OL Zmay Ljubljana",Slowenien,83528877,84040316,-511439,28.48
"AS Oostende",Belgien,75354948,75970479,-615531,28.22
"St. Llansantffraid FC",Wales,52299341,53021863,-722522,26.74
"KF Eagles Blagoevgrad ",Bulgarien,54651126,55376084,-724958,26.77
"Dinamo Šibenik",Kroatien,36899416,37770773,-871357,26.91
"Manchester Bury",England,37103753,38003132,-899379,28.73
"ACF Hamilton",Schottland,19507810,20531269,-1023459,27.14
"ED Dender Hekelgem",Belgien,21693324,23059316,-1365992,26.55
"Roban Krasnodar",Russland,39999806,41368204,-1368398,28.52
"AC Isola Ischia",Italien,24026449,25486885,-1460436,28.05
"Carpi Calcio",Italien,39880377,41423672,-1543295,28.41
"Þùllíá Akureyri",Island,41175400,42754590,-1579190,28.13
"Partizan 1945 FK",Serbien,29663039,31340483,-1677444,27.32
"FK Nizhny",Russland,24530342,26251898,-1721556,28.50
"Kumpaty Lviv",Ukraine,56836106,58802085,-1965979,28.41
"Birku Konya",Türkei,54892154,56987704,-2095550,26.70
"FSV Stuttgart",Deutschland,250880037,252988398,-2108361,21.78
"Sportowy Lubin",Polen,65787414,67942837,-2155423,29.41
"Dalmatia Solin",Kroatien,51690329,53864364,-2174035,28.00
"Sporting Genk",Belgien,65474840,67719432,-2244592,28.23
"Amor Famagusta",Zypern,59053372,61336266,-2282894,27.59
"FC Shijak",Albanien,37350626,39835724,-2485098,27.09
"Cork United",Irland,77305651,79986799,-2681148,27.41
"FC Peairt 1885",Schottland,43356704,46345165,-2988461,27.91
"Slugia Warszawa",Polen,58260794,61437941,-3177147,27.82
"FKS Bratislava",Slowakei,70664384,73869893,-3205509,28.55
"West Bromwich United",England,44118788,47563902,-3445114,29.27
"AFC Aberystwyth",Wales,36079126,39679706,-3600580,27.45
"Parathanikaos Athen",Griechenland,45328314,48950833,-3622519,26.36
"SK Utrecht",Niederlande,62850714,66550485,-3699771,28.23
"VL Trakai",Litauen,33981555,37896938,-3915383,26.35
"FKS Kópavogur",Island,69206211,73174648,-3968437,26.22
"Lokhtar Donezk",Ukraine,74727684,79083299,-4355615,28.05
"Rhône Chasselay",Frankreich,82746329,87568559,-4822230,30.27
"SAK Akureyri",Island,58239562,63161805,-4922243,28.68
"Woch Chorzów",Polen,65451693,70421399,-4969706,29.00
"Zaskia Gdańsk",Polen,45505307,50704200,-5198893,26.77
"SAK Solna",Schweden,34950386,40508217,-5557831,26.82
"FV Vic Plzeň",Tschechien,56224032,61850259,-5626227,28.30
"Leicester Town",England,78021571,83857971,-5836400,27.00
"FC Miro Be’ér Shéva",Israel,57268300,63154448,-5886148,28.36
"Reading Kings",England,70990543,77309212,-6318669,27.55
"SAV Sandersdorf",Deutschland,283755872,290179534,-6423662,21.81
"Glentory Belfast",Nordirland,44295629,50910550,-6614921,28.50
"FV Budapest",Ungarn,187044975,194897147,-7852172,22.88
"FC Stoke 1865",England,46978754,54849918,-7871164,28.91
"Dynamit Tiraspol",Moldawien,48108752,56053165,-7944413,27.70
"SFC Rostov",Russland,57157918,65193870,-8035952,27.26
"Charleroi Zèbre ",Belgien,37802316,46734111,-8931795,27.30
"Wimbledon Soccer",England,44620141,53592969,-8972828,28.68
"UCKA Moskva",Russland,70797634,81738877,-10941243,29.45
"Dynamit Astana",Kasachstan,191442916,204192120,-12749204,26.27
"SSC Altach",Österreich,409921201,447212089,-37290888,25.10
"Vík Ólafsvík 1927",Island,117180361,154671651,-37491290,28.14
"Dynamit Berlin CF",Deutschland,415675743,469009619,-53333876,23.65
"FV Schalke 1905",Deutschland,187678393,266587422,-78909029,19.67
"FVB Larnaka",Zypern,248964813,356904268,-107939455,28.89
"IS Norrköping",Schweden,951531844,1060942915,-109411071,23.42
"SKK Hamburg",Deutschland,129038117,240056378,-111018261,31.21
